PaperID,database,authors,year,journal,doi,title,accession,pmid,review,paper_notes,source_review_paper,exclusion_notes_primary_screen
1,WOS,"Watanabe, Shumpei; Omatsu, Tsutomu; Miranda, Mary E. G.; Masangkay, Joseph S.; Ueda, Naoya; Endo, Maiko; Kato, Kentaro; Tohya, Yukinobu; Yoshikawa, Yasuhiro; Akashi, Hiroomi",2010,COMPARATIVE IMMUNOLOGY MICROBIOLOGY AND INFECTIOUS DISEASES,10.1016/j.cimid.2008.07.008,Epizootology and experimental infection of Yokose virus in bats,WOS:000273855200003,18789527,N,,,
2,WOS,"Kuzmin, I. V.; Franka, R.; Rupprecht, C. E.",2008,TOWARDS THE ELIMINATION OF RABIES IN EURASIA,NA,Experimental infection of big brown bats (Eptesicus fuscus) with West Caucasian bat virus (WCBV),WOS:000257140900035,18634495,N,,,
3,WOS,"Suu-Ire, Richard; Begeman, Lineke; Banyard, Ashley C; Breed, Andrew C; Drosten, Christian; Eggerbauer, Elisa; Freuling, Conrad M; Gibson, Louise; Goharriz, Hooman; Horton, Daniel L; Jennings, Daisy; Kuzmin, Ivan V; Marston, Denise; Ntiamoa-Baidu, Yaa; Sbarbaro, Silke Riesle; Selden, David; Wise, Emma L; Kuiken, Thijs; Fooks, Anthony R; Muller, Thomas; Wood, James LN; Cunningham, Andrew A",2018,PLOS NEGLECTED TROPICAL DISEASES,10.1371/journal.pntd.0006311.t002,Pathogenesis of bat rabies in a natural reservoir: Comparative susceptibility of the straw-colored fruit bat (Eidolon helvum) to three strains of Lagos bat virus,DRCI:DATA2018155013624119,NA,N,,,
4,WOS,"Amman, Brian R.; Jones, Megan E. B.; Sealy, Tara K.; Uebelhoer, Luke S.; Schuh, Amy J.; Bird, Brian H.; Coleman-McCray, JoAnn D.; Martin, Brock E.; Nichol, Stuart T.; Towner, Jonathan S.",2015,JOURNAL OF WILDLIFE DISEASES,10.7589/2014-08-198,ORAL SHEDDING OF MARBURG VIRUS IN EXPERIMENTALLY INFECTED EGYPTIAN FRUIT BATS (ROUSETTUS AEGYPTIACUS),WOS:000348001200012,25375951,N,,,
5,WOS,"SHAH, KV; DANIEL, RW",1966,INDIAN JOURNAL OF MEDICAL RESEARCH,,ATTEMPTS AT EXPERIMENTAL INFECTION OF INDIAN FRUIT-BAT PTEROPUS GIGANTEUS WITH CHIKUNGUNYA AND DENGUE 2 VIRUSES AND ANTIBODY SURVEY OF BAT SERA FOR SOME VIRUSES,WOS:A19668396800003,NA,N,,,
6,WOS,"Hughes, G. J.; Kuzmin, I. V.; Schmitz, A.; Blanton, J.; Manangan, J.; Murphy, S.; Rupprecht, C. E.",2006,ARCHIVES OF VIROLOGY,10.1007/s00705-005-0785-0,"Experimental infection of big brown bats (Eptesicus fuscus) with Eurasian bat lyssaviruses Aravan, Khujand, and Irkut virus",WOS:000240723300010,16705370,N,,,
7,WOS,"de Almeida, Marilene Fernandes; Trezza-Netto, Jose; Aires, Caroline Cotrin; de Barros, Rodrigo Fernandes; da Rosa, Adriana Ruckert; Massad, Eduardo",2014,REVISTA DA SOCIEDADE BRASILEIRA DE MEDICINA TROPICAL,10.1590/0037-8682-0169-2013,Hematologic profile of hematophagous Desmodus rotundus bats before and after experimental infection with rabies virus,WOS:000340294800017,25075489,N,,,Haemotological profile and does not formally assess susceptibility or response to infection.
8,WOS,"Jones, Megan E. B.; Schuh, Amy J.; Amman, Brian R.; Sealy, Tara K.; Zaki, Sherif R.; Nichol, Stuart T.; Towner, Jonathan S.",2015,VIRUSES-BASEL,10.3390/v7072779,Experimental Inoculation of Egyptian Rousette Bats (Rousettus aegyptiacus) with Viruses of the Ebolavirus and Marburgvirus Genera,WOS:000360353200005,26120867,N,,,
9,WOS,"BURNS, KF; SHELTON, DF; GROGAN, EW",1958,ANNALS OF THE NEW YORK ACADEMY OF SCIENCES,10.1111/j.1749-6632.1958.tb35403.x,BAT RABIES - EXPERIMENTAL HOST TRANSMISSION STUDIES,WOS:A1958WQ43400018,13559909,N,,,
10,WOS,"Obregon-Morales, Cirani; Aguilar-Setien, Alvaro; Perea Martinez, Leonardo; Galvez-Romero, Guillermo; Olivia Martinez-Martinez, Flor; Arechiga-Ceballos, Nidia",2017,COMPARATIVE IMMUNOLOGY MICROBIOLOGY AND INFECTIOUS DISEASES,10.1016/j.cimid.2017.05.008,Experimental infection of Artibeus intermedius with a vampire bat rabies virus,WOS:000405275200008,28673461,N,,,
11,WOS,"GAVRILOVSKAYA, IN; CHUMAKOV, MP; APEKINA, NS; RYLTSEVA, EV; MARTIYANOVA, LI; GORBACHKOVA, EA; BERNSHTEIN, AD; ZAKHAROVA, MA; BOIKO, VA",1983,ARCHIVES OF VIROLOGY,10.1007/BF01314868,ADAPTATION TO LABORATORY AND WILD ANIMALS OF THE HEMORRHAGIC-FEVER WITH RENAL SYNDROME VIRUS PRESENT IN THE FOCI OF EUROPEAN USSR,WOS:A1983RL86000010,6138015,N,,,Uses laboratory colonies of animals 
12,WOS,"Xiao, SY; Sbrana, E; Watts, DM; Siirin, M; da Rosa, APAT; Tesh, RB",2005,EMERGING INFECTIOUS DISEASES,10.3201/eid1104.040907,Experimental infection of prairie dogs with monkeypox virus,WOS:000227940700004,15829191,N,,,
13,WOS,"Dhondt, Kevin P.; Horvat, Branka",2013,PATHOGENS,10.3390/pathogens2020264,Henipavirus Infections: Lessons from Animal Models,WOS:000216528700004,25437037,Y,,,Review
14,WOS,"Maganga, Gael D.; Bourgarel, Mathieu; Nkoghe, Judicael Obame; N'Dilimabaka, Nadine; Drosten, Christian; Paupy, Christophe; Morand, Serge; Drexler, Jan Felix; Leroy, Eric M.",2014,PLOS ONE,10.1371/journal.pone.0115588,Identification of an Unclassified Paramyxovirus in Coleura afra: A Potential Case of Host Specificity,WOS:000347119100045,25551455,N,,,Not an experimental infection study 
15,WOS,"Neill, William A.; Kading, Rebekah C.",2021,DISEASES,10.3390/diseases9040073,Viral Ecology and Natural Infection Dynamics of Kaeng Khoi Virus in Cave-Dwelling Wrinkle-Lipped Free-Tailed Bats (Chaerephon plicatus) in Thailand,WOS:000735495000001,34698148,N,,,
16,WOS,"Nikitina, E. G.; Salnikov, N. J.; Katorkin, S. A.; Balashova, E. A.; Tsybanov, S. Zh.; Kolbasov, D. V.; Lunitsin, A. V.",2014,Sel'skokhozyaistvennaya Biologiya,,DETECTION OF AKABANE VIRUS GENOME IN ORGANS AND BLOOD OF EXPERIMENTALLY INFECTED CAVIES,BCI:BCI201500255768,NA,N,,,"Host not reported to species level ""cavies"" and unclear where sourced - assumed to be laboratory guinea pigs as there is discussion of choice of weights of individuals"
17,WOS,"ALEXANDER, R; SVRCEK, S; VRTIAK, OJ; ONDREJKA, R; BENISEK, Z; ZAVADOVA, J",1981,VETERINARNI MEDICINA,,DISTRIBUTION OF RABIES ANTIGEN IN CNS OF SEWER-RATS AND MICE EXPERIMENTALLY INFECTED WITH THE RABIES VIRUS-STRAINS ISOLATED FROM HAMSTERS (CRICETUS-CRICETUS),WOS:A1981LY28300002,6791359,,In Russian,,
18,WOS,"Paweska, Janusz T.; Storm, Nadia; Grobbelaar, Antoinette A.; Markotter, Wanda; Kemp, Alan; Jansen van Vuren, Petrus",2016,VIRUSES-BASEL,10.3390/v8020029,Experimental Inoculation of Egyptian Fruit Bats (Rousettus aegyptiacus) with Ebola Virus,WOS:000371831800006,26805873,N,,,
19,WOS,"SULKIN, SE; ALLEN, R; SIMS, R",1963,AMERICAN JOURNAL OF TROPICAL MEDICINE AND HYGIENE,10.4269/ajtmh.1963.12.800,STUDIES OF ARTHROPOD-BORNE VIRUS INFECTIONS IN CHIROPTERA .1. SUSCEPTIBILITY OF INSECTIVOROUS SPECIES TO EXPERIMENTAL INFECTION WITH JAPANESE B AND Saint Louis encephalitis virus,WOS:A19633680A00017,14070775,N,,,
20,WOS,"SULKIN, SE; KRUTZSCH, PH; ALLEN, R; WALLIS, C",1959,JOURNAL OF EXPERIMENTAL MEDICINE,10.1084/jem.110.3.369,STUDIES ON THE PATHOGENESIS OF RABIES IN INSECTIVOROUS BATS .1. ROLE OF BROWN ADIPOSE TISSUE,WOS:A1959WC24300003,13835624,N,,,
21,WOS,"REAGAN, RL; YANCEY, FS; BRUECKNER, AL",1957,ARCHIVES OF PATHOLOGY,,TRANSMISSION OF RABIES FROM ARTIFICIALLY INFECTED BATS TO SYRIAN HAMSTERS,WOS:A1957WJ88900011,13402293,N,,,
22,WOS,"ALIFANOV, V. I.; ZAKORKINA, T. N.; NETSKII, G. I.; FEDOROV, V. G.",1961,MED PARAZITOL IPARAZITAR BOLEZNI,,Experimental data on the problem of the role of gamasid mites in the transmission of tick encephalitis virus and Omsk hemorrhagic fever [English summ.],BCI:BCI19623800007834,13682420,,In Russian,,
23,WOS,"BURGDORFER, W",1960,JOURNAL OF INFECTIOUS DISEASES,10.1093/infdis/107.3.384,COLORADO TICK FEVER .2. BEHAVIOR OF COLORADO TICK FEVER VIRUS IN RODENTS,WOS:A1960WA09700013,13688985,N,,,
24,WOS,"Paweska, Janusz T.; van Vuren, Petrus Jansen; Fenton, Karla A.; Graves, Kerry; Grobbelaar, Antoinette A.; Moolla, Naazneen; Leman, Patricia; Weyer, Jacqueline; Storm, Nadia; McCulloch, Stewart D.; Scott, Terence P.; Markotter, Wanda; Odendaal, Lieza; Clift, Sarah J.; Geisbert, Thomas W.; Hale, Martin J.; Kemp, Alan",2015,JOURNAL OF INFECTIOUS DISEASES,10.1093/infdis/jiv132,Lack of Marburg Virus Transmission From Experimentally Infected to Susceptible In-Contact Egyptian Fruit Bats,WOS:000363189100006,25838270,N,,,
25,WOS,"Perea-Martinez, L.; Moreno-Sandoval, H. N.; Moreno-Altamirano, M. M.; Salas-Rojas, M.; Garcia-Flores, M. M.; Arechiga-Ceballos, N.; Tordo, N.; Marianneau, Ph; Aguilar-Setien, A.",2013,COMPARATIVE IMMUNOLOGY MICROBIOLOGY AND INFECTIOUS DISEASES,10.1016/j.cimid.2012.12.002,Experimental infection of Artibeus intermedius bats with serotype-2 dengue virus,WOS:000316775300009,23312108,N,,,
26,WOS,"Botten, J; Mirowsky, K; Kusewitt, D; Ye, CY; Gottlieb, K; Prescott, J; Hjelle, B",2003,JOURNAL OF VIROLOGY,10.1128/JVI.77.2.1540-1550.2002,Persistent Sin Nombre virus infection in the deer mouse (Peromyscus maniculatus) model: Sites of replication and strand-specific expression,WOS:000180166600071,12502867,N,,,Not wild animals. Deer mice are F1 and F3 from an outbred colony.
27,WOS,"YANAGIHARA, R; GOLDGABER, D; GAJDUSEK, DC",1985,JOURNAL OF VIROLOGY,10.1128/JVI.53.3.973-975.1985,PROPAGATION OF NEPHROPATHIA EPIDEMICA VIRUS IN MONGOLIAN GERBILS,WOS:A1985ABV7400038,3882997,N,,,Not wild animals. Pregnant mongolian gerbils were purchased from Tumblebrook Farms Inc and experimentation was conducted on the offspring. 
28,WOS,"Taylor, Geraldine",2017,VACCINE,10.1016/j.vaccine.2016.11.054,Animal models of respiratory syncytial virus infection,WOS:000393011900010,27908639,Y,,,Review
29,WOS,"Bosco-Lauth, Angela M.; Nemeth, Nicole M.; Kohler, Dennis J.; Bowen, Richard A.",2016,AMERICAN JOURNAL OF TROPICAL MEDICINE AND HYGIENE,10.4269/ajtmh.15-0696,Viremia in North American Mammals and Birds after Experimental Infection with Chikungunya Viruses,WOS:000371372600006,26666699,Y,,,Review
30,WOS,"DOWNS, WG; GREENHALGH, AH; ANDERSON, CR; SPENCE, L; AITKEN, THG",1963,AMERICAN JOURNAL OF TROPICAL MEDICINE AND HYGIENE,10.4269/ajtmh.1963.12.640,"TACARIBE VIRUS, A NEW AGENT ISOLATED FROM ARTIBEUS BATS AND MOSQUITOES IN TRINIDAD, WEST INDIES",WOS:A19633679A00009,22324073,N,,,Not an infection experiment of bats. The virus was isolated from bats and inoculated into lab mice. 
31,WOS,"Jackson, Felix R.; Turmelle, Amy S.; Farino, David M.; Franka, Richard; McCracken, Gary F.; Rupprecht, Charles E.",2008,JOURNAL OF WILDLIFE DISEASES,10.7589/0090-3558-44.3.612,Experimental rabies virus infection of big brown bats (Eeptesicus fuscus),WOS:000258668600008,18689646,N,,,
32,WOS,"RESSANG, A. A.; GWAN, SO IK; HARDJOSWORO, SUHARDJO",1963,COMM VET,NA,"Bats, rodents and rabies in Indonesia",BCI:BCI19644500096814,NA,N,,,
33,WOS,"Cogswell-Hawkinson, Ann; Bowen, Richard; James, Stephanie; Gardiner, David; Calisher, Charles H.; Adams, Rick; Schountz, Tony",2012,JOURNAL OF VIROLOGY,10.1128/JVI.00201-12,"Tacaribe virusCauses Fatal Infection of An Ostensible Reservoir Host, the Jamaican Fruit Bat",WOS:000303787100035,22379103,N,,,
34,WOS,"SULKIN, SE; ALLEN, R; SIMS, R; KRUTZSCH, PH; KIM, C",1960,JOURNAL OF EXPERIMENTAL MEDICINE,10.1084/jem.112.4.595,STUDIES ON THE PATHOGENESIS OF RABIES IN INSECTIVOROUS BATS .2. INFLUENCE OF ENVIRONMENTAL TEMPERATURE,WOS:A1960WC21400004,19867178,N,,,
35,WOS,"DONALDSON, AI",1970,AMERICAN JOURNAL OF EPIDEMIOLOGY,10.1093/oxfordjournals.aje.a121185,BATS AS POSSIBLE MAINTENANCE HOSTS FOR VESICULAR STOMATITIS VIRUS,WOS:A1970H102000006,4317161,N,,,
36,WOS,"CHOMEL, B; TREPO, C; PICHOUD, C; JACQUET, C; BOULAY, P; JOUBERT, L",1984,COMPARATIVE IMMUNOLOGY MICROBIOLOGY AND INFECTIOUS DISEASES,10.1016/0147-9571(84)90024-9,NATURAL AND EXPERIMENTAL-INFECTION OF THE MARMOT (MARMOTA-MARMOTA) BY THE WOODCHUCK HEPATITIS-VIRUS (MARMOTA-MONAX),WOS:A1984AEU4900006,6532649,N,"In French. All other information matches, but the title is slightly different. Title: Spontaneous and experimental infection of alpine marmots (Marmota marmota) by the North American Woodchuck hepatitis virus(Marmota monax). Initial results",,
37,WOS,"Pramod, R Kumar; Nair, Asha V; Tambare, Padmakar Kamalakar; Chauhan, Kanchana; Kumar, T Vinay; Rajan, R Anju; Mani, Blessy M; Asaf, Muhasin; Pandey, Amit Kumar",2021,Veterinary world,10.14202/vetworld.2021.2817-2826,Reverse zoonosis of coronavirus disease-19: Present status and the control by one health approach.,MEDLINE:34903944,34903944,Y,,,Review
38,WOS,"NOSEK, J; REHACEK, J; GRESIKOVA, M",1961,ACTA VIROLOGICA,,PERSISTENCE OF Tick-borne encephalitis virusIN HIBERNATING BATS,WOS:A19612375A00007,NA,N,,,
39,WOS,"O KOZUCH, J NOSEK, E ERNEK, M LICHARD, P ALBRECHT",1963,ACTA VIROLOGICA,,PERSISTENCE OF Tick-borne encephalitis virusIN HIBERNATING HEDGEHOGS AND DORMICE,,14064835,N,,,
40,WOS,"Gerrard, Diana L; Hawkinson, Ann; Sherman, Tyler; Modahl, Cassandra M; Hume, Gretchen; Campbell, Corey L; Schountz, Tony; Frietze, Seth",2017,mSphere,10.1128/mSphere.00245-17,Transcriptomic Signatures of Tacaribe Virus-Infected Jamaican Fruit Bats.,MEDLINE:28959737,28959737,N,,,
41,WOS,"Abdel-Moneim, Ahmed S.; Abdelwhab, Elsayed M.",2020,PATHOGENS,10.3390/pathogens9070529,Evidence for SARS-CoV-2 Infection of Animal Hosts,WOS:000556675300001,32629960,Y,,,Review
42,WOS,"PAVRI, KM; SINGH, KRP",1968,INDIAN JOURNAL OF MEDICAL RESEARCH,,KYASANUR FOREST DISEASE VIRUS INFECTION IN FRUGIVOROUS BAT CYNOPTERUS SPHINX,WOS:A1968C125600007,5711601,N,,,
43,WOS,"SCHMALJOHN, CS; HASTY, SE; DALRYMPLE, JM; LEDUC, JW; LEE, HW; VONBONSDORFF, CH; BRUMMERKORVENKONTIO, M; VAHERI, A; TSAI, TF; REGNERY, HL; GOLDGABER, D; LEE, PW",1985,SCIENCE,10.1126/science.2858126,ANTIGENIC AND GENETIC PROPERTIES OF VIRUSES LINKED TO HEMORRHAGIC-FEVER WITH RENAL SYNDROME,WOS:A1985ACA2400031,2858126,N,,,"This study uses Wistar rats, laboratory animals. "
44,WOS,"BAER, GM; BALES, GL",1967,JOURNAL OF INFECTIOUS DISEASES,10.1093/infdis/117.1.82,EXPERIMENTAL RABIES INFECTION IN MEXICAN FREETAIL BAT,WOS:A19679119300013,6067473,N,,,
45,WOS,"ALBA, A. M.",1959,CANADIAN JOUR COMP MED AND VET SCI,,Pathogenesis of rabies in vampire bats,BCI:BCI19603500032573,17649196,N,,,Perspective paper
46,WOS,"SIMS, RA; SULKIN, SE; ALLEN, R",1963,JOURNAL OF INFECTIOUS DISEASES,10.1093/infdis/112.1.17,STUDIES ON PATHOGENESIS OF RABIES IN INSECTIVOROUS BATS .3. INFLUENCE OF GRAVID STATE,WOS:A19635433B00009,13977575,N,,,
47,WOS,"SULKIN, SE",1962,AMERICAN JOURNAL OF PUBLIC HEALTH AND THE NATIONS HEALTH,10.2105/AJPH.52.3.489,BAT RABIES - EXPERIMENTAL DEMONSTRATION OF RESERVOIRING MECHANISM,WOS:A1962B391400014,13918298,N,,,
48,WOS,"Spengler, Jessica R.; Haddock, Elaine; Gardner, Don; Hjelle, Brian; Feldmann, Heinz; Prescott, Joseph",2013,PLOS ONE,10.1371/journal.pone.0055310,Experimental Andes Virus Infection in Deer Mice: Characteristics of Infection and Clearance in a Heterologous Rodent Host,WOS:000314610600086,23383148,N,,,"Deer mice are from a university colony founded from wild New Mexico deer mice. It appears the colony was started in approximately 2001. With a deer mouse gestation period of 27 days and the statment the colony has been extensively used to study Sin Nombre Virus, I decided these deer mice may no longer be representative of wild populations."
49,WOS,"Banyard, Ashley C.; Hayman, David; Johnson, Nicholas; McElhinney, Lorraine; Fooks, Anthony R.",2011,"ADVANCES IN VIRUS RESEARCH: RESEARCH ADVANCES IN RABIES, VOL 79",10.1016/B978-0-12-387040-7.00012-3,Bats and Lyssaviruses,WOS:000291501900012,21601050,Y,,,Review
50,WOS,"Amman, Brian R.; Schuh, Amy J.; Albarino, Cesar G.; Towner, Jonathan S.",2021,VIRUSES-BASEL,10.3390/v13122394,Marburg Virus Persistence on Fruit as a Plausible Route of Bat to Primate Filovirus Transmission,WOS:000737509300001,34960663,N,,,
51,WOS,"Berguido, Francisco J.; Burbelo, Peter D.; Bortolami, Alessio; Bonfante, Francesco; Wernike, Kerstin; Hoffmann, Donata; Balkema-Buschmann, Anne; Beer, Martin; Dundon, William G.; Lamien, Charles E.; Cattoli, Giovanni",2021,VIRUSES-BASEL,10.3390/v13081649,Serological Detection of SARS-CoV-2 Antibodies in Naturally-Infected Mink and Other Experimentally-Infected Animals,WOS:000689914100001,34452513,N,,,"This study does not experimentally infect bats or rodents, it does however test serum obtained from other studies of experimentally infected bats and rodents. These other studies are already included in our collection."
52,WOS,"BHAT, HR; SREENIVASAN, MA; NAIK, SV",1979,INDIAN JOURNAL OF MEDICAL RESEARCH,,SUSCEPTIBILITY OF COMMON GIANT FLYING SQUIRREL TO EXPERIMENTAL-INFECTION WITH KFD VIRUS,WOS:A1979GW25400001,229076,N,,,
53,WOS,"Middleton, D. J.; Morrissy, C. J.; van der Heide, B. M.; Russell, G. M.; Braun, M. A.; Westbury, H. A.; Halpin, K.; Daniels, P. W.",2007,JOURNAL OF COMPARATIVE PATHOLOGY,10.1016/j.jcpa.2007.03.002,Experimental Nipah virus infection in pteropid bats (Pteropus poliocephalus),WOS:000247096500007,17498518,N,,,
54,WOS,"Leech, Stacey; Baker, Michelle L.",2017,MICROBIOLOGY AUSTRALIA,10.1071/MA17010,The interplay between viruses and the immune system of bats,WOS:000395582300010,NA,Y,,,Review
55,WOS,"Begeman, Lineke; Suu-Ire, Richard; Banyard, Ashley C.; Drosten, Christian; Eggerbauer, Elisa; Freuling, Conrad M.; Gibson, Louise; Goharriz, Hooman; Horton, Daniel L.; Jennings, Daisy; Marston, Denise A.; Ntiamoa-Baidu, Yaa; Riesle Sbarbaro, Silke; Selden, David; Wise, Emma L.; Kuiken, Thijs; Fooks, Anthony R.; Mueller, Thomas; Wood, James L. N.; Cunningham, Andrew A.",2020,PLOS NEGLECTED TROPICAL DISEASES,10.1371/journal.pntd.0008898,Experimental Lagos bat virus infection in straw-colored fruit bats: A suitable model for bat rabies in a natural reservoir species,WOS:000600200300006,33320860,N,,,
56,WOS,"YOUNG, NA; JOHNSON, KM; GAULD, LW",1969,AMERICAN JOURNAL OF TROPICAL MEDICINE AND HYGIENE,10.4269/ajtmh.1969.18.290,VIRUSES OF VENEZUELAN EQUINE ENCEPHALOMYELITIS COMPLEX - EXPERIMENTAL INFECTION OF PANAMANIAN RODENTS,WOS:A1969C970500016,5777742,N,,,
57,WOS,"Wong, K T; Ong, K C",2011,Pathology research international,10.4061/2011/567248,Pathology of acute henipavirus infection in humans and animals.,MEDLINE:21961078,21961078,Y,,,Review
58,WOS,"TRUEBA, D; PHELAN, M; NELSON, J; BECK, F; PECHA, BS; BROWN, RJ; VARMUS, HE; GANEM, D",1985,HEPATOLOGY,10.1002/hep.1840050316,TRANSMISSION OF GROUND-SQUIRREL HEPATITIS-VIRUS TO HOMOLOGOUS AND HETEROLOGOUS HOSTS,WOS:A1985AJF9500015,3997073,N,,,
59,WOS,"Morales, A.; Romero, M.; Olano, V. A.",1983,"Biomedica, Revista del Instituto Nacional de Salud, Colombia",,"Experimental transmission to mice of Venezuelan equine encephalomyelitis virus, subtype ID, by the mosquito Psorophora confinnis.",CABI:19852255789,NA,,In Spanish or Portuguese,,
60,WOS,"BURGDORFER, W",1959,JOURNAL OF INFECTIOUS DISEASES,10.1093/infdis/104.1.101,COLORADO TICK FEVER - BEHAVIOR OF CTF VIRUS IN THE PORCUPINE,WOS:A1959WA08600014,13631293,N,,,
61,WOS,"BANERJEE, K; ILKAL, MA; DESHMUKH, PK",1984,INDIAN JOURNAL OF MEDICAL RESEARCH,NA,SUSCEPTIBILITY OF CYNOPTERUS-SPHINX (FRUGIVORUS BAT) AND SUNCUS-MURINUS (HOUSE SHREW) TO JAPANESE ENCEPHALITIS-VIRUS,WOS:A1984SA46300002,6327512,N,,,
62,WOS,"Hoffmann, Donata; Franke, Annika; Jenckel, Maria; Tamosiunaite, Aiste; Schluckebier, Julia; Granzow, Harald; Hoffmann, Bernd; Fischer, Stefan; Ulrich, Rainer G.; Hoeper, Dirk; Goller, Katja; Osterrieder, Nikolaus; Beer, Martin",2015,JOURNAL OF VIROLOGY,10.1128/JVI.01195-15,Out of the Reservoir: Phenotypic and Genotypic Characterization of a Novel Cowpox Virus Isolated from a Common Vole,WOS:000363465900020,26311891,N,,,Uses Wistar rats (laboratory rodents) and outbred voles from the environmental agency. Does not use wild animals.
63,WOS,"Davis, April D.; Jarvis, Jodie A.; Pouliott, Craig; Rudd, Robert J.",2013,PLOS ONE,10.1371/journal.pone.0064808,Rabies Virus Infection in Eptesicus fuscus Bats Born in Captivity (Naive Bats),WOS:000319799900109,NA,N,,,
64,WOS,"Bakhvalova, V. N.; Potapova, O. F.; Panov, V. V.; Morozova, O. V.",2009,VIRUS RESEARCH,10.1016/j.virusres.2008.12.001,Vertical transmission of Tick-borne encephalitis virusbetween generations of adapted reservoir small rodents,WOS:000264650600023,19111585,N,,,
65,WOS,"BOTROS, BAM; LEWIS, JC; KERKOR, M",1979,JOURNAL OF TROPICAL MEDICINE AND HYGIENE,,STUDY TO EVALUATE NON-FATAL RABIES IN ANIMALS,WOS:A1979JC72900002,387971,N,,,
66,WOS,"Setien, AA; Brochier, B; Tordo, N; De Paz, O; Desmettre, P; Peharpre, D; Pastoret, PP",1998,VACCINE,10.1016/S0264-410X(98)80108-4,Experimental rabies infection and oral vaccination in vampire bats (Desmodus rotundus),WOS:000074539100009,9682368,N,,,
67,WOS,"SULKIN, SE; ALLEN, R; SIMS, R; TAYLOR, SK",1965,AMERICAN JOURNAL OF PUBLIC HEALTH AND THE NATIONS HEALTH,10.2105/AJPH.55.9.1376,BATS IN RELATION TO ARTHROPOD-BORNE VIRUSES - AN EXPERIMENTAL APPROACH WITH SPECULATIONS,WOS:A1965CAX3700007,14334759,Y,,,Review
68,WOS,"Ryan, PA; Martin, L; Mackenzie, JS; Kay, BH",1997,AMERICAN JOURNAL OF TROPICAL MEDICINE AND HYGIENE,10.4269/ajtmh.1997.57.476,Investigation of gray-headed flying foxes (Pteropus poliocephalus) (Megachiroptera: Pteropodidae) and mosquitoes in the ecology of Ross river virus in Australia,WOS:A1997YC07300018,9347967,N,,,
69,WOS,"Younes, Salma; Younes, Nadin; Shurrab, Farah; Nasrallah, Gheyath K.",2021,REVIEWS IN MEDICAL VIROLOGY,10.1002/rmv.2196,Severe acute respiratory syndrome coronavirus-2 natural animal reservoirs and experimental models: systematic review,WOS:000590103000001,33206434,Y,,,Review
70,WOS,"Storm, Nadia; van Vuren, Petrus Jansen; Markotter, Wanda; Paweska, Janusz T.",2018,VIRUSES-BASEL,10.3390/v10020073,Antibody Responses to Marburg Virus in Egyptian Rousette Bats and Their Role in Protection against Infection,WOS:000427544100023,29439384,N,,,
71,WOS,"BHAT, HR; SREENIVASAN, MA; GOVERDHAN, MK; NAIK, SV; BANERJEE, K",1976,INDIAN JOURNAL OF MEDICAL RESEARCH,,"SUSCEPTIBILITY OF HYSTRIX INDICA KERR, 1792, INDIAN CRESTED PORCUPINE (RODENTIA HYSTRICIDAE) TO KFD VIRUS",WOS:A1976CN78000002,191392,N,,,
72,WOS,"Banerjee, Arinjay; Kulcsar, Kirsten; Misra, Vikram; Frieman, Matthew; Mossman, Karen",2019,VIRUSES-BASEL,10.3390/v11010041,Bats and Coronaviruses,WOS:000459132000041,30634396,Y,,,Review
73,WOS,"Kurth, Andreas; Kohl, Claudia; Brinkmann, Annika; Ebinger, Arnt; Harper, Jennifer A.; Wang, Lin-Fa; Muehldorfer, Kristin; Wibbelt, Gudrun",2012,PLOS ONE,10.1371/journal.pone.0038688,Novel Paramyxoviruses in Free-Ranging European Bats,WOS:000305695100016,22737217,N,,,Is not an experimental infection study. 
74,WOS,"Kallio, Eva R.; Klingstrom, Jonas; Gustafsson, Elisabeth; Manni, Tytti; Vaheri, Antti; Henttonen, Heikki; Vapalahti, Olli; Lundkvist, Ake",2006,JOURNAL OF GENERAL VIROLOGY,10.1099/vir.0.81643-0,Prolonged survival of Puumala hantavirus outside the host: evidence for indirect transmission via the environment,WOS:000239612500002,16847107,N,,,"Not wild animals, they are from a laboratory colony established in Sweden in the 1990s. Due to the gestation period of ~ 20 days in bank voles this paper was rejected. "
75,WOS,"PAVRI, KM; SINGH, KRP",1965,INDIAN JOURNAL OF MEDICAL RESEARCH,,DEMONSTRATION OF ANTIBODIES AGAINST VIRUS OF KYASANUR FOREST DISEASE (KFD) IN FRUGIVOROUS BAT ROUSETTUS LESCHENAULTI NEAR POONA INDIA,WOS:A19657085600007,5849871,N,,,
76,WOS,"Bowen, Richard A.; Nemeth, Nicole M.",2007,CURRENT OPINION IN INFECTIOUS DISEASES,10.1097/QCO.0b013e32816b5cad,Experimental infections with West Nile virus,WOS:000246779800009,17471040,Y,,,Review 
77,WOS,"Schuh, Amy J.; Amman, Brian R.; Sealy, Tara K.; Spengler, Jessica R.; Nichol, Stuart T.; Towner, Jonathan S.",2017,SCIENTIFIC REPORTS,10.1038/s41598-017-07824-2,Egyptian rousette bats maintain long-term protective immunity against Marburg virus infection despite diminished antibody levels,WOS:000407980000017,28821722,N,,,
78,WOS,"Falendysz, Elizabeth A.; Lopera, Juan G.; Doty, Jeffrey B.; Nakazawa, Yoshinori; Crill, Colleen; Lorenzsonn, Faye; Kalemba, Lem's N.; Ronderos, Monica D.; Mejia, Andres; Malekani, Jean M.; Karem, Kevin; Carroll, Darin S.; Osorio, Jorge E.; Rocke, Tonie E.",2017,PLOS NEGLECTED TROPICAL DISEASES,10.1371/journal.pntd.0005809,Characterization of Monkeypox virus infection in African rope squirrels (Funisciurus sp.),WOS:000411068800028,28827792,N,,,
79,WOS,"Le Lay-Rogues, G.; Chastel, C.",1986,Medecine Tropicale,,Are bat viruses transmitted by arthropods or not?,CABI:19920510801,NA,,In French,,
80,WOS,"Tonteri, Elina; Kipar, Anja; Voutilainen, Liina; Vene, Sirkka; Vaheri, Antti; Vapalahti, Olli; Lundkvist, Ake",2013,PLOS ONE,10.1371/journal.pone.0081214,"The Three Subtypes of Tick-borne encephalitis virusInduce Encephalitis in a Natural Host, the Bank Vole (Myodes glareolus)",WOS:000328734200006,24349041,N,,,"States inbred voles were used in the study, so not wild animals. As no further information on where the animals were from, I decided to reject this paper. "
81,WOS,"LEE, HW; FRENCH, GR; LEE, PW; BAEK, LJ; TSUCHIYA, K; FOULKE, RS",1981,AMERICAN JOURNAL OF TROPICAL MEDICINE AND HYGIENE,10.4269/ajtmh.1981.30.477,OBSERVATIONS ON NATURAL AND LABORATORY INFECTION OF RODENTS WITH THE ETIOLOGIC AGENT OF KOREAN HEMORRHAGIC-FEVER,WOS:A1981LU02500025,6786119,N,,,
82,WOS,"Schountz, Tony",2014,VIRUSES-BASEL,10.3390/v6124880,Immunology of Bats and Their Viruses: Challenges and Opportunities,WOS:000346834500005,25494448,Y,,,Review
83,WOS,"JONKERS, AH; WORTH, CB; SPENCE, L; DOWNS, WG",1964,AMERICAN JOURNAL OF TROPICAL MEDICINE AND HYGIENE,10.4269/ajtmh.1964.13.728,LABORATORY STUDIES WITH WILD RODENTS + VIRUSES NATIVE TO TRINIDAD .2. STUDIES WITH TRINIDAD CARAPARU-LIKE AGENT TRVL 34053-1,WOS:A19643688A00010,14205894,N,,,
84,WOS,"McINTOSH, B. M.",1961,TRANS ROY SOC TROP MED AND HYG,10.1016/0035-9203(61)90041-4,Susceptibility of some African wild rodents to infection with various arthropod-borne viruses,BCI:BCI19613600042020,13774008,N,,,
85,WOS,"Wang, Lin-Fa",2009,MICROBIOLOGY AUSTRALIA,10.1071/MA09122,Bat viruses and diseases,WOS:000216284600005,NA,Y,,,Review
86,WOS,"LEE, HW; JOHNSON, KM",1982,JOURNAL OF INFECTIOUS DISEASES,10.1093/infdis/146.5.645,"LABORATORY-ACQUIRED INFECTIONS WITH HANTAAN VIRUS, THE ETIOLOGIC AGENT OF KOREAN HEMORRHAGIC-FEVER",WOS:A1982PQ57600009,6127367,N,,,"This initially is a paper detailing experimental infection of wild rodents: however, the laboratory worked (n = 9) became infected whilst working on the animals. The paper goes on to detail the infection of the workers rather than the animals. "
87,WOS,"Kinnunen, Paula Maria; Inkeroinen, Hanna; Ilander, Mette; Kallio, Eva Riikka; Heikkila, Henna Pauliina; Koskela, Esa; Mappes, Tapio; Palva, Airi; Vaheri, Antti; Kipar, Anja; Vapalahti, Olli",2011,PLOS ONE,10.1371/journal.pone.0023622,Intracerebral Borna Disease Virus Infection of Bank Voles Leading to Peripheral Spread and Reverse Transcription of Viral RNA,WOS:000294251800017,21935357,N,,,Experiments on newborne bank voles and contains no other information on where they were from. As a result I have assumed these are laboratory animals and not wild. 
88,WOS,"Hutson, CL",2013,PLOS ONE,10.1371/journal.pone.0055488,Transmissibility of the monkeypox virus clades via respiratory transmission: investigation using the prairie dog-monkeypox virus challenge system,WOS:000315157200033,23408990,N,,,
89,WOS,"MAIN, AJ",1979,JOURNAL OF WILDLIFE DISEASES,10.7589/0090-3558-15.3.467,EASTERN EQUINE ENCEPHALOMYELITIS VIRUS IN EXPERIMENTALLY INFECTED BATS,WOS:A1979HK13800021,41109,N,,,
90,WOS,"PLACIDI, L; SANTUCCI, J",1958,Maroc medical,,[Rabies in wild animals & especially bats].,MEDLINE:13577042,13577042,,In French,,
91,WOS,"Takimoto, Kazuhiro; Taharaguchi, Motoko; Morikawa, Shigeru; Ike, Fumio; Yamada, Yasuko K.",2008,EXPERIMENTAL ANIMALS,10.1538/expanim.57.357,Detection of the antibody to lymphocytic choriomeningitis virus in sera of laboratory rodents infected with viruses of laboratory and newly isolated strains by ELISA using purified recombinant nucleoprotein,WOS:000257725500003,18633158,N,,,Does not use wild animals.
92,WOS,"MALAGA-ALBA, AURELIO",1954,AMER JOUR PUBL HEALTH,10.2105/ajph.44.7.909,Vampire bat as a carrier of rabies,BCI:BCI19552900011843,13171471,Y,,,Review
93,WOS,SHEVCHENKO L S; SHCHERBAK YU N,1980,Vestnik Zoologii,,ECOLOGICAL REQUIREMENTS FOR FORMATION OF NATURAL RABIES FOCI IN THE UKRAINIAN-SSR USSR,BCI:BCI198273013618,NA,,In Russian or Ukranian,,
94,WOS,"SULKIN, SE; ALLEN, R; SIMS, R; SINGH, KV",1966,AMERICAN JOURNAL OF TROPICAL MEDICINE AND HYGIENE,10.4269/ajtmh.1966.15.418,STUDIES OF ARTHROPOD-BORNE VIRUS INFECTIONS IN CHIROPTERA .4. IMMUNE RESPONSE OF BIG BROWN BAT (EPTESICUS F FUSCUS) MAINTAINED AT VARIOUS ENVIRONMENTAL TEMPERATURES TO EXPERIMENTAL JAPANESE B ENCEPHALITIS VIRUS INFECTION,WOS:A19667790400023,4287168,N,,,
95,WOS,"Madrieres, Sarah; Tatard, Caroline; Murri, Severine; Vulin, Johann; Galan, Maxime; Piry, Sylvain; Pulido, Coralie; Loiseau, Anne; Artige, Emmanuelle; Benoit, Laure; Lemenager, Nicolas; Lakhdar, Latifa; Charbonnel, Nathalie; Marianneau, Philippe; Castel, Guillaume",2020,PATHOGENS,10.3390/pathogens9100789,How Bank Vole-PUUV Interactions Influence the Eco-Evolutionary Processes Driving Nephropathia Epidemica Epidemiology-An Experimental and Genomic Approach,WOS:000586960500001,32993044,N,,,
96,WOS,"Stapleton, Jack T.; Foung, Steven; Muerhoff, A. Scott; Bukh, Jens; Simmonds, Peter",2011,JOURNAL OF GENERAL VIROLOGY,10.1099/vir.0.027490-0,"The GB viruses: a review and proposed classification of GBV-A, GBV-C (HGV), and GBV-D in genus Pegivirus within the family Flaviviridae",WOS:000287638800001,21084497,Y,,,Review
97,WOS,"LEPINE, P.",1933,ANN INST PASTEUR [PARIS],,Recherches sur le typhus exanthematique et sur son origine murine. I. Sur l'existence d'un typhus murin dans le bassin oriental de la M6di-terranee et sur les caracteres de ce virus,BCI:BCI19350900003259,NA,,In French,,
98,WOS,"Solbrig, MV; Koob, GF",2003,PHARMACOLOGY BIOCHEMISTRY AND BEHAVIOR,10.1016/S0091-3057(03)00019-4,Neuropharmacological sequelae of persistent CNS viral infections: lessons from Borna Disease Virus,WOS:000182222900001,12667891,Y,,,Review
99,WOS,"MONATH, TPC; HENDERSON, BE; KIRYA, GB",1972,ARCHIV FUR DIE GESAMTE VIRUSFORSCHUNG,10.1007/BF01249661,"CHARACTERIZATION OF VIRUSES (WITWATERSRAND AND GERMISTON) ISOLATED FROM MOSQUITOS AND RODENTS COLLECTED NEAR LUNYO FOREST, UGANDA, IN 1968",WOS:A1972N485800002,4146243,N,,,Animals experimentally inoculated were from laboratory colonies
100,WOS,"Schuh, Amy J.; Amman, Brian R.; Towner, Jonathan S.",2017,MICROBIOLOGY AUSTRALIA,10.1071/MA17005,Filoviruses and bats,WOS:000395582300005,28603449,Y,,,Review 
101,WOS,"SADLER, WW; ENRIGHT, JB",1959,JOURNAL OF INFECTIOUS DISEASES,10.1093/infdis/105.3.267,EFFECT OF METABOLIC LEVEL OF THE HOST UPON THE PATHOGENESIS OF RABIES IN THE BAT,WOS:A1959WA09100005,14440686,N,,,
102,WOS,"Solbrig, Marylou V.; Koob, George F.",2003,Current Neuropharmacology,10.2174/1570159033477035,Borna disease virus (BDV): Neuropharmacological effects of a CNS viral infection,BCI:BCI200510100684,NA,Y,,,Opinion
103,WOS,"CONSTANTINE, DG",1967,PUBLIC HEALTH REPORTS,10.2307/4593153,BAT RABIES IN SOUTHWESTERN UNITED-STATES,WOS:A1967ZD28700004,4964117,N,,,This paper does not experimentally infect wild bats or rodents.
104,WOS,FEDERER K E,1969,Zentralblatt fuer Veterinaermedizin Reihe B,,SUSCEPTIBILITY OF THE AGOUTI DASYPROCTA-AGUTI TO FOOT-AND-MOUTH DISEASE VIRUS,BCI:BCI197051137701,4320315,N,,,
105,WOS,"Seifert, Stephanie N.; Letko, Michael C.; Bushmaker, Trenton; Laing, Eric D.; Saturday, Greg; Meade-White, Kimberly; van Doremalen, Neeltje; Broder, Christopher C.; Munster, Vincent J.",2020,JOURNAL OF INFECTIOUS DISEASES,10.1093/infdis/jiz429,Rousettus aegyptiacus Bats Do Not Support Productive Nipah Virus Replication,WOS:000553463400009,31682727,N,,,
106,WOS,"Weber, Saskia; Jeske, Kathrin; Ulrich, Rainer G.; Imholt, Christian; Jacob, Jens; Beer, Martin; Hoffmann, Donata",2020,VIRUSES-BASEL,10.3390/v12020237,In Vivo Characterization of a Bank Vole-Derived Cowpox Virus Isolate in Natural Hosts and the Rat Model,WOS:000521256600088,32093366,N,,,"Animals are from laboratory colonies, not wild animals."
107,WOS,"Shriner, Susan A.; VanDalen, Kaci K.; Mooers, Nicole L.; Ellis, Jeremy W.; Sullivan, Heather J.; Root, J. Jeffrey; Pelzel, Angela M.; Franklin, Alan B.",2012,PLOS ONE,10.1371/journal.pone.0039206,Low-Pathogenic Avian Influenza Viruses in Wild House Mice,WOS:000305350000050,22720076,N,,,
108,WOS,"Korva, Misa; Duh, Darja; Saksida, Ana; Trilar, Tomi; Avsic-Zupanc, Tatjana",2009,MICROBES AND INFECTION,10.1016/j.micinf.2008.12.016,The hantaviral load in tissues of naturally infected rodents,WOS:000265402100004,19397875,N,,,"Not an in vivo experimental infection study, this study looks at naturally infected animals. "
109,WOS,"SEYMOUR, C; DICKERMAN, RW; MARTIN, MS",1978,AMERICAN JOURNAL OF TROPICAL MEDICINE AND HYGIENE,10.4269/ajtmh.1978.27.297,VENEZUELAN ENCEPHALITIS-VIRUS INFECTION IN NEOTROPICAL BATS .2. EXPERIMENTAL INFECTIONS,WOS:A1978EU90500016,646022,N,,,
110,WOS,"Sironen, Tarja; Kallio, Eva R.; Vaheri, Antti; Lundkvist, Ake; Plyusnin, Alexander",2008,JOURNAL OF GENERAL VIROLOGY,10.1099/vir.0.83662-0,Quasispecies dynamics and fixation of a synonymous mutation in hantavirus transmission,WOS:000255698900025,18420810,N,,,Voles used in this experiment come from a laboratory colony set up in Sweden in the 1990s. 
111,WOS,"MCLEAN, RG; SZMYD, DM; CALISHER, CH",1982,AMERICAN JOURNAL OF TROPICAL MEDICINE AND HYGIENE,10.4269/ajtmh.1982.31.569,EXPERIMENTAL STUDIES OF RIO-GRANDE VIRUS IN RODENT HOSTS,WOS:A1982NR15700024,6282148,N,,,
112,WOS,"Vahlenkamp, TW; Harder, TC",2006,BERLINER UND MUNCHENER TIERARZTLICHE WOCHENSCHRIFT,,Influenza virus infections in mammals,WOS:000236047900005,16573202,Y,,,Review
113,WOS,"Solbrig, Marylou V",2010,Interdisciplinary perspectives on infectious diseases,10.1155/2010/709791,Animal models of CNS viral disease: examples from borna disease virus models.,MEDLINE:20204069,20204069,Y,,,Review
114,WOS,"Smreczak, Marcin; Orlowska, Anna",2021,MEDYCYNA WETERYNARYJNA-VETERINARY MEDICINE-SCIENCE AND PRACTICE,10.21521/mw.6520,SARS-CoV-2 in animals: Natural and experimental infections,WOS:000620788800001,NA,Y,,,Review
115,WOS,"Gorka, Marco; Schinkoethe, Jan; Ulrich, Reiner; Ciminski, Kevin; Schwemmle, Martin; Beer, Martin; Hoffmann, Donata",2020,VIRUSES-BASEL,10.3390/v12020232,Characterization of Experimental Oro-Nasal Inoculation of Seba's Short-Tailed Bats (Carollia perspicillata) with Bat Influenza A Virus H18N11,WOS:000521256600083,32093076,N,,,
116,WOS,"Schountz, Tony; Quackenbush, Sandra; Rovnak, Joel; Haddock, Elaine; Black, William C.; Feldmann, Heinz; Prescott, Joseph",2014,JOURNAL OF VIROLOGY,10.1128/JVI.00004-14,Differential Lymphocyte and Antibody Responses in Deer Mice Infected with Sin Nombre Hantavirus or Andes Hantavirus,WOS:000338924400011,24829335,N,,,No details of where animals were sourced from.
117,WOS,LE MOINE V; VANNIER P; JESTIN A,1987,Preventive Veterinary Medicine,https://doi.org/10.1016/0167-5877(87)90026-2,MICROBIOLOGICAL STUDIES OF WILD RODENTS IN FARMS AS CARRIERS OF PIG INFECTIOUS AGENTS,BCI:BCI198784094099,NA,N,,,
118,WOS,"Weingartl, Hana M.; Berhane, Yohannes; Czub, Markus",2009,VETERINARY JOURNAL,10.1016/j.tvjl.2008.10.016,Animal models of henipavirus infection: A review,WOS:000267187100003,19084436,Y,,,Review
119,WOS,"KOLMAN, JM; MARHOUL, Z; MALKOVA, D",1967,JOURNAL OF HYGIENE EPIDEMIOLOGY MICROBIOLOGY AND IMMUNOLOGY,NA,EXPERIMENTAL INFECTION OF BAT MYOTIS MYOTIS BORKHAUSEN WITH TAHYNA VIRUS,WOS:A19679176200019,6070328,N,,,
120,WOS,"Selleck, Paul",2021,MICROBIOLOGY AUSTRALIA,10.1071/MA21008,COVID-19 in animals: contact with humans and potential transmissions,WOS:000639531200001,NA,Y,,,Review
121,WOS,"MARION, PL; KNIGHT, SS; SALAZAR, FH; POPPER, H; ROBINSON, WS",1983,HEPATOLOGY,,GROUND-SQUIRREL HEPATITIS-VIRUS INFECTION,WOS:A1983RA12900008,6862363,N,,,
122,WOS,"MARTINEZPERALTA, LA; LAGUENS, RP; COSSIO, PM; SABATTINI, MS; MAIZTEGUI, JI; ARANA, RM",1979,INTERVIROLOGY,10.1159/000149021,PRESENCE OF VIRAL PARTICLES IN THE SALIVARY-GLAND OF CALOMYS-MUSCULINUS INFECTED WITH JUNIN VIRUS BY A NATURAL ROUTE,WOS:A1979GF13300007,218895,N,,,"No description of when the colony was founded. The colony was from wild caught individuals. As this is a rodent species with a short gestation time, without further information on how long the colony has been captive I decided to exclude this paper."
123,WOS,"Halwe, Nico Joel; Gorka, Marco; Hoffmann, Bernd; Rissmann, Melanie; Breithaupt, Angele; Schwemmle, Martin; Beer, Martin; Kandeil, Ahmed; Ali, Mohamed A.; Kayali, Ghazi; Hoffmann, Donata; Balkema-Buschmann, Anne",2021,VIRUSES-BASEL,10.3390/v13040672,"Egyptian Fruit Bats (Rousettus aegyptiacus) Were Resistant to Experimental Inoculation with Avian-Origin Influenza A Virus of Subtype H9N2, But Are Susceptible to Experimental Infection with Bat-Borne H9N2 Virus",WOS:000643769900001,33919890,N,,,
124,WOS,BOGDANOVA S B; GAVRILOVSKAYA I N; BOIKO V A; PROKHOROVA I A; LINEV M B; APEKINA N S; GORBACHKOVA E A; RYMALOV I V; BERNSHTEIN A D; CHUMAKOV M P,1987,Mikrobiologicheskii Zhurnal (Kiev),,PERSISTING INFECTION INDUCED BY HEMORRHAGIC FEVER WITH RENAL SYNDROME IN REDBACKED VOLES CLETHRIONOMYS-GLAREOLUS AS NATURAL HOSTS OF THE VIRUS,BCI:BCI198784120202,2907924,N,In Russian,,
125,WOS,"Hawkinson, Ann; Bowen, Richard; Gardiner, David; Adams, Rick; Calisher, Charles; Schountz, Tony",2010,Bat Research News,,Experimental Infection of Jamaican Fruit Bats with Tacaribe Virus,BCI:BCI201100134378,NA,,,,Abstract for a talk
126,WOS,"McMillan, B.; Boulger, L. R.",1960,Annals of Tropical Medicine and Parasitology,,"The susceptibility of the ground-squirrel Xerus (Euxerus) erythropus Geoffroy, 1803, to rabies street virus and its potentiality as a reservoir of rabies in Northern Nigeria.",ZOOREC:ZOOR09700013137,NA,N,,,
127,WOS,"Apekina, N. S.; Bernshtein, A. D.; Demina, V. T.; Gavrilovskaya, I. N.",2014,Voprosy Virusologii,,Variants of the Immunoreactivity and Infectious Process in Bank Vole (Myodes glareolus) Experimentally Infected with the Hantavirus Puumala (PUUV),BCI:BCI201500068369,25549467,,In Russian,,
128,WOS,"Fooks, A. R.; Johnson, N.; Mueller, T.; Vos, A.; Mansfield, K.; Hicks, D.; Nunez, A.; Freuling, C.; Neubert, L.; Kaipf, I.; Denzinger, A.; Franka, R.; Rupprecht, C. E.",2009,ZOONOSES AND PUBLIC HEALTH,10.1111/j.1863-2378.2008.01203.x,Detection of High Levels of European Bat Lyssavirus Type-1 Viral RNA in the Thyroid Gland of Experimentally-Infected Eptesicus fuscus Bats,WOS:000267883500004,19497087,N,,,
129,WOS,"Ulrich, Lorenz; Michelitsch, Anna; Halwe, Nico; Wernike, Kerstin; Hoffmann, Donata; Beer, Martin",2021,EMERGING INFECTIOUS DISEASES,10.3201/eid2704.204945,Experimental SARS-CoV-2 Infection of Bank Voles,WOS:000644499100028,33754987,N,,,"No details of where the animals were sourced from. As there was no details of how they were captured, I assumed these are captive bred animals. Considering the short gestation time and lack of information on when/ where the colony was founded I decided to exclude this paper. "
130,WOS,"Ellison, J. A.; Johnson, S. R.; Kuzmina, N.; Gilbert, A.; Carson, W. C.; VerCauteren, K. C.; Rupprecht, C. E.",2013,ZOONOSES AND PUBLIC HEALTH,10.1111/zph.12019,Multidisciplinary Approach to Epizootiology and Pathogenesis of Bat Rabies Viruses in the United States,WOS:000313487000005,23137052,N,,,
131,WOS,"LORD, RD; DECHAURELL, AO; CAMPOS, E",1986,JOURNAL OF WILDLIFE DISEASES,10.7589/0090-3558-22.3.413,EXPERIMENTAL-INFECTION OF VAMPIRE BATS WITH FOOT-AND-MOUTH-DISEASE VIRUS,WOS:A1986D009300017,3016350,N,,,
132,WOS,"Safarov, R K; Dzhmukhadze, V A",1974,Veterinariia,,[Rabies in nutria (experimental studies)].,MEDLINE:4466052,4466052,,In Russian,,
133,WOS,"KOWALCZYK, T; BRANDLY, CA",1954,AMERICAN JOURNAL OF VETERINARY RESEARCH,,"EXPERIMENTAL INFECTION OF DOGS, FERRETS, CHINCHILLAS, AND HAMSTERS WITH VESICULAR STOMATITIS VIRUS",WOS:A1954XW40700017,13124685,N,,,"No mention of where the chinchillas were from, as there was no mention of capture I assume they were either commercially purchased or a lab colony. The hamsters are all the same age and very young, so I assume these are not wild animals either. "
134,WOS,"CARBALLAL, G; VIDELA, C; DULOUT, F; COSSIO, PM; ACUNA, AM; BIANCHI, NO",1986,JOURNAL OF MEDICAL VIROLOGY,10.1002/jmv.1890190108,"EXPERIMENTAL-INFECTION OF AKODON MOLINAE (RODENTIA, CRICETIDAE) WITH JUNIN VIRUS",WOS:A1986C000800007,3009705,N,,,Animals are from an outbred colony not wild. 
135,WOS,"Durisic, S.; Milanov, Dubravka; Petrovic, T.",2005,Veterinarski Glasnik,,Influenza-A infections in animals and birds and their significance in the epidemiology of human influenza-A,BCI:BCI200600297872,NA,,In Russian,,
136,WOS,"Amaya, Moushimi; Broder, Christopher C.",2020,"ANNUAL REVIEW OF VIROLOGY, VOL 7, 2020",10.1146/annurev-virology-021920-113833,Vaccines to Emerging Viruses: Nipah and Hendra,WOS:000613942300023,32991264,Y,,,Review
137,WOS,"SIMPSON, DIH; OSULLIVA.JP",1968,ANNALS OF TROPICAL MEDICINE AND PARASITOLOGY,10.1080/00034983.1968.11686579,STUDIES ON ARBOVIRUSES AND BATS (CHIROPTERA) IN EAST AFRICA .I. EXPERIMENTAL INFECTION OF BATS AND VIRUS TRANSMISSION ATTEMPTS IN AEDES (STEGOMYIA) AEGYPTI (LINNAEUS),WOS:A1968C988000004,5729255,N,,,
138,WOS,"JONKERS, AH; SPENCE, L; DOWNS, WG; AITKEN, THG; WORTH, CB",1968,AMERICAN JOURNAL OF TROPICAL MEDICINE AND HYGIENE,10.4269/ajtmh.1968.17.285,ARBOVIRUS STUDIES IN BUSH BUSH FOREST TRINIDAD WI SEPTEMBER 1959-DECEMBER 1964 .6. RODENT-ASSOCIATED VIRUSES (VEE AND AGENTS OF GROUPS C AND GUAMA) - ISOLATIONS AND FURTHER STUDIES,WOS:A1968A978600018,4384667,N,,,Not an experimental infection study. This study isolates and identifies viruses from naturally infected wild animals.
139,WOS,"Sbrana, Elena; Xiao, Shu-Yuan; Newman, Patrick C.; Tesh, Robert B.",2007,AMERICAN JOURNAL OF TROPICAL MEDICINE AND HYGIENE,10.4269/ajtmh.2007.76.155,Comparative pathology of North American and central African strains of monkeypox virus in a ground squirrel model of the disease,WOS:000243573800026,17255245,N,,,
140,WOS,"Malmlov, Ashley; Miedema, Kaitlyn; Aboellail, Tawfik; Rosenberg, Corey; Eckley, Miles; Chotiwan, Nunya; Gullberg, Rebekah; Perera, Rushika; Schountz, Tony",2017,AMERICAN JOURNAL OF TROPICAL MEDICINE AND HYGIENE,,EXPERIMENTAL INFECTION OF JAMAICAN FRUIT BATS (ARTIBEUS JAMAICENSIS) WITH ZIKA VIRUS,WOS:000423215203185,NA,N,,,
141,WOS,"Fagre, Anna C.; Byas, Alex; Malmlov, Ashley; Bergren, Nicholas; Borland, Erin M.; Rice, Lauren; Schountz, Tony; Kading, Rebekah",2019,AMERICAN JOURNAL OF TROPICAL MEDICINE AND HYGIENE,,"EXPERIMENTAL INFECTION OF JAMAICAN FRUIT BATS (ARTIBEUS JAMAICENSIS) WITH BUKAKATA ORBIVIRUS, A NOVEL VIRUS FROM A UGANDAN BAT",WOS:000507364503209,NA,,Could only find paper abstract (page 856),,Abstract from an annual meeting and not a peer-reviewed article.
142,WOS,"Ragan, Izabela K.; Blizzard, Emily L.; Gordy, Paul; Bowen, Richard A.",2017,VECTOR-BORNE AND ZOONOTIC DISEASES,10.1089/vbz.2016.2099,Investigating the Potential Role of North American Animals as Hosts for Zika Virus,WOS:000395403200001,28145811,N,"Journal says it's a review, but it is a primary research article",,
143,WOS,"Broder, Christopher C.; Weir, Dawn L.; Reid, Peter A.",2016,VACCINE,10.1016/j.vaccine.2016.03.075,Hendra virus and Nipah virus animal vaccines,WOS:000378955400014,27154393,Y,,,Review
144,WOS,"Fagre, Anna C.; Kityo, Robert; Lee, Justin; Mossel, Eric; Crabtree, Mary; Nalikka, Betty; Nakayiki, Teddie; Kerbis, Julian; Gilbert, Amy; Bergren, Nicholas; Nyakarahuka, Luke; Lutwama, Julius; Stenglein, Mark; Byas, Alexandria; Malmlov, Ashley; Rice, Lauren; Miller, Barry; Schountz, Tony; Kading, Rebekah",2017,AMERICAN JOURNAL OF TROPICAL MEDICINE AND HYGIENE,,"ISOLATION AND CHARACTERIZATION OF BUKAKATA ORBIVIRUS, A NOVEL VIRUS FROM A UGANDAN BAT, AND ASSOCIATED PULMONARY PATHOLOGY IN EXPERIMENTALLY INFECTED JAMAICAN FRUIT BATS (ARTIBEUS JAMAICENSIS)",WOS:000423215202158,NA,N,"Title is slightly different to data, but I am sure it is the same article: Discovery and Characterization of Bukakata orbivirus (Reoviridae:Orbivirus), a Novel Virus from a Ugandan Bat",,Not an experimental infection in wild caught animals. This study captures bats and isolates virus and infects cell lines. 
145,WOS,"SEAMER, J; FITZGEORGE, R; SMITH, CEG",1967,BRITISH JOURNAL OF EXPERIMENTAL PATHOLOGY,,RESISTANCE OF SHORT-TAILED VOLE MICROTUS AGRESTIS (L) TO INFECTION WITH 2 ARBOVIRUSES,WOS:A1967A068200001,6075434,N,,,
146,WOS,"Rahman, C. K. F.; Khan Sharun; Ruchi Tiwari; Bilal, M.; Kuldeep Dhama",2020,Journal of Experimental Biology and Agricultural Sciences,10.18006/2020.8(6).709.720,Can unconventional meat or bushmeat act as a source for SARS-CoV-2.,CABI:20219988033,NA,Y,,,Review
147,WOS,"SOLOV'EV, V. D.",1941,Trud. voenn. med. Akad. krasn. Armi.,,On the Reservoir of the Virus of Spring-Summer Encephalitis in Natural Conditions.,CABI:19442201510,NA,,,,No full article
148,WOS,"Keckler, M. Shannon; Salzer, Johanna S.; Patel, Nishi; Townsend, Michael B.; Nakazawa, Yoshinori J.; Doty, Jeffrey B.; Gallardo-Romero, Nadia F.; Satheshkumar, Panayampalli S.; Carroll, Darin S.; Karem, Kevin L.; Damon, Inger K.",2020,VACCINES,10.3390/vaccines8030396,IMVAMUNE(R) and ACAM2000(R) Provide Different Protection against Disease When Administered Postexposure in an Intranasal Monkeypox Challenge Prairie Dog Model,WOS:000580691000001,32698399,N,,,
149,WOS,"PANTUWAT.S; WATTS, DM; THOMPSON, WH; HANSON, RP",1972,AMERICAN JOURNAL OF TROPICAL MEDICINE AND HYGIENE,10.4269/ajtmh.1972.21.476,EXPERIMENTAL INFECTION OF CHIPMUNKS AND SQUIRRELS WITH LA CROSSE AND TrivittatusVIRUSES AND BIOLOGICAL TRANSMISSION OF LA CROSSE VIRUS BY AEDES-TRISERIATUS,WOS:A1972N144200018,5050096,N,,,
150,WOS,"SOLOWJOW, W. D.",1940,Acta Med.,,Aetiology of spring-summer encephalitis.,CABI:19472200078,NA,,"Article is presumed to be the same as the ""Aetiology of tick borne encephalitis"". This was searched for extensively and after the search, it seems the articles must be the same. ",,Cannot locate.
151,WOS,"Fiegna, C.; Dagleish, M. P.; Coulter, L.; Milne, E.; Meredith, A.; Finlayson, J.; Di Nardo, A.; McInnes, C. J.",2016,VETERINARY MICROBIOLOGY,10.1016/j.vetmic.2015.10.012,Host-pathogen dynamics of squirrelpox virus infection in red squirrels (Sciurus vulgaris),WOS:000369561600004,26711024,N,,,"Not clear if these animals are purchased or wild caught. It does say the red squirrels were allowed to adjust to their environment for 14 days before the experiment was started, but it was unclear. As a consequence it was assumed these were captive bred individuals. Only 3 red squirrels were included in this study, if they were captive bred would they include more as they would be easier to obtain. "
152,WOS,"Mollentze, Nardus; Streicker, Daniel G.; Murcia, Pablo R.; Hampson, Katie; Biek, Roman",2020,PROCEEDINGS OF THE NATIONAL ACADEMY OF SCIENCES OF THE UNITED STATES OF AMERICA,10.1073/pnas.2006778117,Virulence mismatches in index hosts shape the outcomes of cross-species transmission,WOS:000591360600013,33122433,N,,,Not experimental infection of wild animals
153,WOS,"Nichol, ST",1999,EMERGENCE AND CONTROL OF RODENT-BORNE VIRAL DISEASES (HANTAVIRAL AND ARENAL DISEASES): EMERGING DISEASES,,Genetic analysis of hantaviruses and their host relationships,WOS:000086564100011,NA,Y,,,
154,WOS,"Patterson, Mary M.; Rogers, Arlin B.; Fox, James G.",2010,JOURNAL OF MEDICAL MICROBIOLOGY,10.1099/jmm.0.020479-0,Experimental Helicobacter marmotae infection in A/J mice causes enterohepatic disease,WOS:000283004700016,20616187,N,,,"Not wild animals, obtained from a lab. "
155,WOS,"Amman, Brian R.; Schuh, Amy J.; Sealy, Tara K.; Spengler, Jessica R.; Welch, Stephen R.; Kirejczyk, Shannon G. M.; Albarino, Cesar G.; Nichol, Stuart T.; Towner, Jonathan S.",2020,PLOS NEGLECTED TROPICAL DISEASES,10.1371/journal.pntd.0008092,Experimental infection of Egyptian rousette bats (Rousettus aegyptiacus) with Sosuga virus demonstrates potential transmission routes for a bat-borne human pathogenic paramyxovirus,WOS:000528655400087,32119657,N,,,
156,WOS,"Marien, Joachim; Borremans, Benny; Gryseels, Sophie; Vanden Broecke, Bram; Becker-Ziaja, Beate; Makundi, Rhodes; Massawe, Apia; Reijniers, Jonas; Leirs, Herwig",2017,ECOHEALTH,10.1007/s10393-017-1256-7,Arenavirus Dynamics in Experimentally and Naturally Infected Rodents,WOS:000414153000004,28616660,N,,,"No description of how the laboratory infections were conducted in the mainMS or SuppMat. As a consequence i have been able to judge whether they use wild animals or not. They do state all captured mice were released and recaptured, this makes me think the experimental infection is in lab animals. "
157,WOS,"PELLEGRINI, D.",1951,Profilassi,,Susceptibility of the squirrel (Xerus erythropus) to rabies.,CABI:19522203687,NA,,In unknown language,,
158,WOS,"Carrara, AS; Gonzales, M; Ferro, C; Tamayo, M; Aronson, J; Paessler, S; Anishchenko, M; Boshell, J; Weaver, SC",2005,EMERGING INFECTIOUS DISEASES,10.3201/eid1105.041251,Venezuelan equine encephalitis virusinfection of spiny rats,WOS:000228683000003,15890116,N,,,"Animals used were from a lab colony, I believe was set up in 2002. Due to the rapid reproduction of spiny rats and the risk of an inbreeding depression, this paper was excluded. "
159,WOS,,1940,Acta Med. U.R.S.S.,,Aetiology of Tick-Borne Encephalitis.,CABI:19422203360,NA,,In German (potentially),,
160,WOS,"SREENIVASAN, MA; BHAT, HR",1977,CURRENT SCIENCE,,SUSCEPTIBILITY OF AN INSECTIVOROUS BAT (RHINOLOPHUS-ROUXI) TO EXPERIMENTAL-INFECTION WITH KYASANUR FOREST DISEASE VIRUS,WOS:A1977DC52500022,NA,,,,
161,WOS,"KOLMAN, J M; FISCHER, J; HAVLIK, O",1960,Acta Universitatis Carolinae. Medica,,[Experimental infection of bats species Myotis myotis Borkhausen with the Czechoslovak tick-borne encephalitis virus].,MEDLINE:13853432,13853432,,In Russian,,
162,WOS,"Cabrera-Romo, Salome; Recio-Totoro, Benito; Alcala, Ana C.; Lanz, Humberto; Maria del Angel, Rosa; Sanchez-Cordero, Victor; Rodriguez-Moreno, Angel; Ludert, Juan E.",2014,AMERICAN JOURNAL OF TROPICAL MEDICINE AND HYGIENE,10.4269/ajtmh.14-0361,Experimental Inoculation of Artibeus jamaicensis Bats with Dengue Virus Serotypes 1 or 4 Showed No Evidence of Sustained Replication,WOS:000345879200026,25311698,N,,,
163,WOS,"NOSEK, J; ERNEK, E; ALBRECHT, P; LICHARD, M; KOSUCH, O",1963,ACTA VIROLOGICA,,EXPERIMENTAL INFECTION OF GREAT DORMOUSE (GLIS GLIS) WITH TICK-BORNE ENCEPHALITIS VIRUS,WOS:A19632390A00009,NA,N,,,
164,WOS,"DURAND, P.; LAIGRET, J.",1932,BULL SOC PATH EXOTIQUE,,Receptivite du rat blanc et de la gerbille au virus de la fievre bouton-neuse,BCI:BCI19350900019116,NA,,In French,,
165,WOS,"Lorenzo, Gema; Lopez-Gil, Elena; Warimwe, George M.; Brun, Alejandro",2015,MOLECULAR IMMUNOLOGY,10.1016/j.molimm.2015.02.001,Understanding Rift Valley fever: Contributions of animal models to disease characterization and control,WOS:000351805300009,25725948,Y,,,Review
166,WOS,"Tesh, RB; Watts, DM; Sbrana, E; Siirin, M; Popov, VL; Xiao, SY",2004,EMERGING INFECTIOUS DISEASES,10.3201/eid1009.040310,Experimental infection of ground squirrels (Spermophilius tridecemlineatus) with Monkeypox virus,WOS:000223740200007,15498157,N,,,
167,WOS,"Schultz, Denise A.; Sagartz, John E.; Huso, David L.; Buller, R. Mark L.",2009,VIROLOGY,10.1016/j.virol.2008.09.025,Experimental infection of an African dormouse (Graphiurus kelleni) with monkeypox virus,WOS:000262447300011,18977501,N,,,"Not wild animals, these African doormice come from the Saint Louis University breeding colony. "
168,WOS,"Michelitsch, Anna; Fast, Christine; Sick, Franziska; Tews, Birke Andrea; Stiasny, Karin; Bestehorn-Willmann, Malena; Dobler, Gerhard; Beer, Martin; Wernike, Kerstin",2021,TICKS AND TICK-BORNE DISEASES,10.1016/j.ttbdis.2021.101693,Long-term presence of Tick-borne encephalitis virusin experimentally infected bank voles (Myodes glareolus),WOS:000663101600005,33690089,N,,,"Not wild animals, these were from a breeding colony at Friedrich-Loeffler-Institut. This is an outbred colony."
169,WOS,"Deardorff, Eleanor R.; Forrester, Naomi L.; da Rosa, Amelia P. Travassos; Estrada-Franco, Jose G.; Navarro-Lopez, Roberto; Tesh, Robert B.; Weaver, Scott C.",2009,EMERGING INFECTIOUS DISEASES,10.3201/eid1504.081008,"Experimental Infection of Potential Reservoir Hosts with Venezuelan Equine Encephalitis Virus, Mexico",WOS:000264644900001,19331726,N,,,
170,WOS,"Tennant, Bud C.; Hornbuckle, William E.; Gerin, John L.",2008,Comparative Hepatitis,10.1007/978-3-7643-8558-3_13,The woodchuck model of hepadnavirus infection,BCI:BCI200800659045,NA,Y,,,Review
171,WOS,"Jung, K.; Lee, C. S.; Kang, B. K.; Park, B. K.; Oh, J. S.; Song, D. S.",2010,RESEARCH IN VETERINARY SCIENCE,10.1016/j.rvsc.2009.11.007,Pathology in dogs with experimental canine H3N2 influenza virus infection,WOS:000278177300031,19963232,N,,,Experiment not conducted in bats or rodents. 
172,WOS,"SABATTINI, MS; GONZALEZDERIOS, LE; DIAZ, G; VEGA, VR",1977,MEDICINA-BUENOS AIRES,,NATURAL AND EXPERIMENTAL-INFECTION OF RODENTS WITH JUNIN VIRUS,WOS:A1977ED54400020,NA,,In Spanish,,
173,WOS,"MARENNIKOVA, SS; SHELUKHINA, EM; ZHUKOVA, OA",1989,ACTA VIROLOGICA,,EXPERIMENTAL-INFECTION OF SQUIRRELS SCIURUS-VULGARIS BY MONKEY POX VIRUS,WOS:A1989AV03900014,2574948,N,,,"Unsure if these squirrels are wild or captive. It states they were kept in quarantine in Moscow Zoo, but no other information. "
174,WOS,"Noguchi, H",1919,JOURNAL OF EXPERIMENTAL MEDICINE,10.1084/jem.29.6.565,Etiology of yellow fever. II. Transmission experiments on yellow fever.,WOS:000201789500004,19868337,N,,,The authors complete the experiments from patients with supposed yellow fever and show that it is caused by Leptospira icterohaemorrhagiae - bacterium not a virus.
175,WOS,"Kim, Yunjeong; Gaudreault, Natasha N; Meekins, David A; Perera, Krishani D; Bold, Dashzeveg; Trujillo, Jessie D; Morozov, Igor; McDowell, Chester D; Chang, Kyeong-Ok; Richt, Juergen A",2021,bioRxiv : the preprint server for biology,10.1101/2021.08.25.457627,Effects of Spike Mutations in SARS-CoV-2 Variants of Concern on Human or Animal ACE2-Mediated Virus Entry and Neutralization.,MEDLINE:34462749,34462749,N,,,"No details of where the hamsters are from, so it is assumed they are lab animals and not wild."
176,WOS,"Malkova, D.",1970,Folia Parasit.,NA,"The development of viremia and neutralizing antibodies in the European suslik, Fat dormouse and Common mole, experimentally infected with the virus Tahyfia.",ZOOREC:ZOOR10700035162,NA,N,,,
177,WOS,"Souza, Maria Conceicao Aparecida Macedo; Nassar, Alessandra Figueiredo de Castro; Cortez, Adriana; Sakai, Takeo; Itou, Takuya; Cunha, Elenice Maria Sequetin; Richtzenhain, Leonardo Jose; Ito, Fumio Honma",2009,Brazilian Journal of Veterinary Research and Animal Science,,Experimental infection of vampire bats Desmodus rotundus (E. Geoffroy) maintained in captivity by feeding defibrinated blood added with rabies virus.,ZOOREC:ZOOR14509057974,NA,N,,,
178,WOS,"Root, J. Jeffrey; Oesterle, Paul T.; Nemeth, Nicole M.; Klenk, Kaci; Gould, Daniel H.; McLean, Robert G.; Clark, Larry; Hall, Jeffrey S.",2006,AMERICAN JOURNAL OF TROPICAL MEDICINE AND HYGIENE,10.4269/ajtmh.2006.75.697,Experimental infection of fox squirrels (Sciurus niger) with West Nile virus,WOS:000241214100022,17038697,N,,,
179,WOS,"Haag, A; Wayss, K; Rommelaere, J; Cornelis, JJ",2000,COMPARATIVE MEDICINE,,"Experimentally induced infection with autonomous parvoviruses, minute virus of mice and H-1, in the African multimammate mouse (Mastomys coucha)",WOS:000166363600010,11200567,N,,,Not wild animals. These are from a breeding colony of the Deutsches Krebsforschungszentrum.
180,WOS,"Morozova, Olga, V; Panov, Victor V.; Bakhvalova, Valentina N.",2020,INFECTION GENETICS AND EVOLUTION,10.1016/j.meegid.2020.104187,Innate and adaptive immunity in wild rodents spontaneously and experimentally infected with the tick-borne encephalitis virus,WOS:000525757000017,31927073,N,,,
181,WOS,"WADOWSKY, RM; MIETZNER, SM; SKONER, DP; DOYLE, WJ; FIREMAN, P",1995,INFECTION AND IMMUNITY,10.1128/IAI.63.4.1153-1157.1995,EFFECT OF EXPERIMENTAL INFLUENZA-A VIRUS-INFECTION ON ISOLATION OF STREPTOCOCCUS-PNEUMONIAE AND OTHER AEROBIC-BACTERIA FROM THE OROPHARYNGES OF ALLERGIC AND NONALLERGIC ADULT SUBJECTS,WOS:A1995QP13400002,7890365,N,,,"Does not state where the animals or what the subjects species are. It directs to another paper stating it has previously been published, but I cannot access this paper. "
182,WOS,"LEUNG, MK; MCLINTOCK, J; IVERSEN, J",1978,CANADIAN JOURNAL OF COMPARATIVE MEDICINE-REVUE CANADIENNE DE MEDECINE COMPAREE,,INTRANASAL EXPOSURE OF RICHARDSONS GROUND-SQUIRREL TO WESTERN EQUINE ENCEPHALOMYELITIS VIRUS,WOS:A1978EX81800006,667706,N,,,
183,WOS,"Dubois, Adelaide; Castel, Guillaume; Murri, Severine; Pulido, Coralie; Pons, Jean-Baptiste; Benoit, Laure; Loiseau, Anne; Lakhdar, Latifa; Galan, Maxime; Charbonnel, Nathalie; Marianneau, Philippe",2017,VIRUS RESEARCH,10.1016/j.virusres.2017.04.004,Experimental infections of wild bank voles (Myodes glareolus) from nephropatia epidemica endemic and non-endemic regions revealed slight differences in Puumala virological course and immunological responses,WOS:000405054800009,28396283,N,,,
184,WOS,"YOUNG, NA; JOHNSON, KM",1969,AMERICAN JOURNAL OF TROPICAL MEDICINE AND HYGIENE,10.4269/ajtmh.1969.18.280,VIRUSES OF VENEZUELAN EQUINE ENCEPHALOMYELITIS COMPLEX - INFECTION AND CROSS-CHALLENGE OF RODENTS WITH VEE MUCAMBO AND PIXUNA VIRUSES,WOS:A1969C970500015,5777741,N,,,
185,WOS,"MaDr, V.; Macura, B.; Petlach, J.",1967,Veterinarstvi,,Epidemiology of rabbit myxomatosis in Czechoslovakia.,CABI:19682201879,NA,,In Russian,,
186,WOS,"SEYMOUR, C; AMUNDSON, TE; YUILL, TM; BISHOP, DHL",1983,AMERICAN JOURNAL OF TROPICAL MEDICINE AND HYGIENE,10.4269/ajtmh.1983.32.1147,EXPERIMENTAL-INFECTION OF CHIPMUNKS AND SNOWSHOE HARES WITH LA CROSSE AND SNOWSHOE HARE VIRUSES AND 4 OF THEIR REASSORTANTS,WOS:A1983RM77500039,6625069,N,,,
187,WOS,"Woon, Amanda P.; Boyd, Victoria; Todd, Shawn; Smith, Ina; Klein, Reuben; Woodhouse, Isaac B.; Riddell, Sarah; Crameri, Gary; Bingham, John; Wang, Lin-Fa; Purcell, Anthony W.; Middleton, Deborah; Baker, Michelle L.",2020,PLOS PATHOGENS,10.1371/journal.ppat.1008412,Acute experimental infection of bats and ferrets with Hendra virus: Insights into the early host response of the reservoir host and susceptible model species,WOS:000523706200015,32226041,N,,,
188,WOS,"Hoffmann, Chris; Wurr, Stephanie; Pallasch, Elisa; Bockholt, Sabrina; Rieger, Toni; Guenther, Stephan; Oestereich, Lisa",2021,VIRUSES-BASEL,10.3390/v13050851,"Experimental Morogoro Virus Infection in Its Natural Host, Mastomys natalensis",WOS:000654579500001,34067011,N,,,Not wild animals they are from outbred colonies. This study uses outbred Wistar rats and outbred common voles. 
189,WOS,"CHOMEL, B; PICHOUD, C; JACQUET, C; COVA, L; HANTZ, O; TREPO, C; JOUBERT, L",1989,REVUE DE MEDECINE VETERINAIRE,,EXPERIMENTAL-INFECTION OF YOUNG MARMOTS (MARMOTA-MARMOTA) WITH WOODCHUCK HEPATITIS-VIRUS,WOS:A1989CM33500009,NA,,In French,,
190,WOS,"Kostyukov, M.A.; Bulychev, V.P.; Lapina, T.F.",1982,Meditsinskaya Parazitologiya i Parazitarnye Bolezni,,Experimental infection of Aedes caspius caspius Pall. mosquitoes on Vespertilio pipistrellus bats infected with Issyk-Kul virus followed by virus transmission to susceptible animals.,ZOOREC:ZOOR11900029265,6818441,,In Russian,,
191,WOS,"FROLOVA, M P; SAVINOV, A P",1960,Voprosy virusologii,,[The histopathology of experimental infection in rodents caused by Karaganda strains AB (type 4 of poliomyelitis virus)].,MEDLINE:13825338,13825338,,In Russian,,
192,WOS,"Fulhorst, CF; Ksiazek, TG; Peters, CJ; Tesh, RB",1999,JOURNAL OF INFECTIOUS DISEASES,10.1086/315029,"Experimental infection of the cane mouse Zygodontomys brevicauda (family Muridae) with Guanarito virus (Arenaviridae), the etiologic agent of Venezuelan hemorrhagic fever",WOS:000083019500005,10479119,N,,,"Not wild animals, these rodents were from a laboratory colony established with descendants from 23 cane mice collected in 1987"
193,WOS,"KARSTAD, LARS; SPALATIN, J.; HANSON, R. P.",1961,ZOONOSES RES,,"Natural and experimental infections with the virus of eastern encephalitis in wild rodents from Wisconsin, Minnesota, Michigan and Georgia",BCI:BCI19634300007148,NA,N,,,
194,WOS,PCHELKINA A A; NIKITINA N A; KULIK I L,1969,Meditsinskaya Parazitologiya i Parazitarnye Bolezni,,STUDY OF VIREMIA IN COMMON REDBACKED NORTHERN REDBACKED AND NARROW SKULLED VOLES IN EXPERIMENTAL INFECTION WITH TICK-BORNE ENCEPHALITIS VIRUS,BCI:BCI197051091397,5400212,,In Russian,,
195,WOS,"Florio, L; Stewart, MO; Mugrage, ER",1944,JOURNAL OF EXPERIMENTAL MEDICINE,10.1084/jem.80.3.165,The experimental transmission of Colorado tick fever,WOS:000202281800001,19871406,N,,,Experimentally infects lab animals
196,WOS,"BOTVINKIN, AD; NIKIFOROVA, TA",1986,VOPROSY VIRUSOLOGII,,LONG-TERM PERSISTENCE OF RABIES VIRUS AT THE SITE OF EXPERIMENTAL INOCULATION IN HIBERNATING RODENTS,WOS:A1986E146000027,3765572,,In Russian,,
197,WOS,"ADDY, PAK; LULE, M; SEKYALO, E",1982,ANNALES DE VIROLOGIE,10.1016/S0769-2617(82)80030-0,"EXPERIMENTAL-INFECTION OF ROUSSETTUS-AEGYPTIACUS E, GEOFFROY (CHIROPTERA) WITH JAPANESE-B-ENCEPHALITIS VIRUS",WOS:A1982NZ26100004,NA,N,,,
198,WOS,"Kuzmin, I. V.; Yakimenko, V. V.; Malkova, M. G.; Palchekh, N. A.",2002,Voprosy Virusologii,,Combined experimental infection of Microtus gregalis by tick-borne encephalitis and rabies viruses and probable interference,BCI:BCI200200226974,11852779,,In Russian,,
199,WOS,"SULKIN, SE; ALLEN, R; SIMS, R",1966,AMERICAN JOURNAL OF TROPICAL MEDICINE AND HYGIENE,10.4269/ajtmh.1966.15.406,STUDIES OF ARTHROPOD-BORNE VIRUS INFECTIONS IN CHIROPTERA .3. INFLUENCE OF ENVIRONMENTAL TEMPERATURE ON EXPERIMENTAL INFECTION WITH JAPANESE B AND Saint Louis encephalitis virus,WOS:A19667790400022,4287167,N,,,
200,WOS,"Bakhvalova, V. N.; Panov, V. V.; Potapova, O. F.; Morozova, O., V",2017,Voprosy Virusologii,10.18821/0507-4088-2017-62-4-186-192,CYTOKINES AND ANTIBODIES IN EXPERIMENTAL INFECTION OF WILD AND LABORATORY RODENTS (RODENTIA) WITH TICK-BORNE ENCEPHALITIS VIRUS,BCI:BCI201700919341,29733169,,In Russian,,
201,CLOVER,Olive et al. ,2012,Journal of wildlife diseases,10.7589/0090-3558-48.2.241,The role of wild mammals in the maintenance of Rift Valley fever virus.,NA,22493102,Y,,,Review
202,CLOVER,Root et al.,2013,Archives of virology,10.1007/s00705-012-1516-3,West Nile virusassociations in wild mammals: a synthesis.,NA,23212739,Y,,,Review
203,CLOVER,NA,1974,Infection and immunity,NA,"Experimental infection with Western equine encephalomyelitis virusin wild rodents indigenous to Kern County, California.",NA,4426699,N,,,
204,CLOVER,"Lee HW, Lee PW, and Johnson KM",1978,The Journal of infectious diseases,NA,Isolation of the etiologic agent of Korean Hemorrhagic Fever. ,NA,24670,N,,,
205,CLOVER,NA,1985,Journal of virology,NA,"Experimental infection with Puumala virus, the etiologic agent of nephropathia epidemica, in bank voles (Clethrionomys glareolus).",NA,2861296,N,,,Not wild animals. These banks voles came from a colony for the experiment in 1981 and the colony was founded in 1959 from wild animals.
206,CLOVER,NA,1981,The American journal of tropical medicine and hygiene,NA,"Intraspecific transmission of Hantaan virus, etiologic agent of Korean hemorrhagic fever, in the rodent Apodemus agrarius.",NA,6116436,N,,,
207,CLOVER,NA,1981,The Journal of infectious diseases,NA,"Isolation of Hantaan virus, the etiologic agent of Korean hemorrhagic fever, from wild urban rats.",NA,6127366,N,,,
208,CLOVER,NA,2010,The Journal of general virology,NA,Characterization of a novel wood mouse virus related to murid herpesvirus 4.,NA,19940063,N,,,"The experimentally infected animals in this study were from an outbred colony established at the Faculty of Veterinary Science, University of Liverpool, UK."
209,CLOVER,NA,2002,Journal of medical virology,NA,Rodent host specificity of European hantaviruses: evidence of Puumala virus interspecific spillover.,NA,12376967,N,,,
210,CLOVER,NA,2000,Microbes and infection,NA,The potential role of rodents in the enzootic cycle of Rift Valley fever virus in Senegal.,NA,10817634,N,,,
211,CLOVER,Parker S & Buller RM,2013,Future virology,10.2217/fvl.12.130,A review of experimental and natural infections of animals with monkeypox virus between 1958 and 2012.,NA,23626656,Y,,,Review
212,CLOVER,"Davis A, Bunning M, Gordy P, Panella N, Blitvich B, Bowen R",2005,The American journal of tropical medicine and hygiene,NA,Experimental and natural infection of North American bats with West Nile virus.,NA,16103624,N,,,
213,CLOVER,"Achazi K, Ruzek D, Donoso-Mantke O, Schlegel M, Ali HS, Wenk M, et al.",2011,"Vector borne and zoonotic diseases (Larchmont, N.Y.)",NA,Rodents as Sentinels for the Prevalence of Tick-Borne Encephalitis Virus. ,NA,21548766,N,,,"Not wild animals. The outbred M. arvalis voles were obtained from the Department of Zoology, Faculty of Science, University of South Bohemia, Czech Republic,"
214,CLOVER,"Yanagihara R, Svedmyr A, Amyx HL, Lee PW, Goldgaber D, Gajdusek DC, et al.",1984,Scandinavian journal of infectious diseases,NA,Isolation and propagation of nephropathia epidemica virus in bank voles ,NA,6208601,N,,,Not wild animals. These animals were obtained for experiment around 1984 and were from a colony started in 1959. 
215,CLOVER,NA,2008,Emerging infectious diseases,NA,Puumala hantavirus excretion kinetics in bank voles (Myodes glareolus).,NA,18680643,N,,,"Not wild animals, not mention of capture or where they are from, so I assume they are lab animals."
216,CLOVER,NA,NA,"Comparative immunology, microbiology and infectious diseases",NA,Different cross-reactivity of human and rodent sera to Tula virus and Puumala virus.,NA,20116854,N,,,"Not wild animals, these bank voles were obtained from Otsuka Pharmaceutical Company."
217,CLOVER,"Fulhorst C, Milazzo M, Bradley R, and Peppers L",2001,The American journal of tropical medicine and hygiene,NA,Experimental infection of Neotoma albigula (Muridae) with Whitewater Arroyo virus (Arenaviridae). A,NA,11508391,N,,,
218,CLOVER,"Gomez A, Kramer LD, Dupuis API, Kilpatrick AM, Davis LJ, Jones MJ, et al. (",2008,The American journal of tropical medicine and hygiene,NA,Experimental Infection of Eastern Gray Squirrels (Sciurus carolinensis) with West Nile Virus. ,NA,18784241,N,,,
219,CLOVER,"Marennikova SS, Ladnyj ID, Ogorodnikova ZI, Shelukhina EM, and Maltseva NN",1978,Archives of virology,NA,Identification And Study Of A Poxvirus Isolated From Wild Rodents In Turkmenia. ,NA,204271,N,,,
220,CLOVER,NA,1979,Bulletin of the World Health Organization,NA,Field and experimental studies of poxvirus infections in rodents.,NA,225049,N,,,Unclear if review or not; viruses reported only to genus level
221,CLOVER,NA,2000,Archives of virology,NA,Characterisation of a recently isolated lyssavirus in frugivorous zoo bats.,NA,11043951,N,,,
222,CLOVER,"Thomas K, Tompkins DM, Sainsbury AW, Wood AR, Dalziel R, Nettleton PF, et al.",2003,The Journal of general virology,NA,A novel poxvirus lethal to red squirrels (Sciurus vulgaris). ,NA,14645914,N,,,Animals were captive breed and no details of when the colony was set up from wild individuals. 
223,CLOVER,"Diosi P, Plavosin L, Arcan P, and David C",1975,Pathologia et microbiologia,NA,Recovery of a new herpesvirus from the ground squirrel (Citellus citellus). ,NA,1153219,N,,,"Not stated that animals were wild or a description of how they were captured, so I assumed they were laboratory bred. "
224,CLOVER,NA,1966,Journal of wildlife diseases,NA,"The role of deer as a possible reservoir host of potosi virus, a newly recognized arbovirus in the United States.",NA,8827670,N,,,
225,WOS,"Travassos, J.; Vallejo, A",1941,MEM INST BUTANTAN,,Comportamento de alguns cavideos (Cavia aperea e Hydrochoerus capybara) as inoculacoes experimentais do virus de febre maculosa. Possibilidade desses cavideos representarem o papel de depositerios transitorios do virus na natureza,BCI:BCI19451900011088,NA,,In Portuguese,,
226,WOS,"ERNEK, E; ALBRECHT, P; NOSEK, J; LICHARD, M; KOZUCH, O",1963,ACTA VIROLOGICA,,EXPERIMENTAL INFECTION OF CLETHRIONOMYS GLAREOLUS AND APODEMUS FLAVICOLLIS WITH TICK-BORNE ENCEPHALITIS VIRUS,WOS:A19632388A00004,14062331,N,,,
227,WOS,"BIGLER, WJ; LEWIS, AL; WELLINGS, FM",1974,AMERICAN JOURNAL OF TROPICAL MEDICINE AND HYGIENE,10.4269/ajtmh.1974.23.1185,EXPERIMENTAL INFECTION OF COTTON MOUSE (PEROMYSCUS-GOSSYPINUS) WITH VENEZUELAN EQUINE ENCEPHALOMYELITIS VIRUS,WOS:A1974V014600026,4429188,N,,,
228,WOS,"Hughes, David J.; Kipar, Anja; Leeming, Gail H.; Bennett, Elaine; Howarth, Deborah; Cummerson, Joanne A.; Papoula-Pereira, Rita; Flanagan, Brian F.; Sample, Jeffery T.; Stewart, James P.",2011,PLOS PATHOGENS,10.1371/journal.ppat.1001321,Chemokine Binding Protein M3 of Murine Gammaherpesvirus 68 Modulates the Host Response to Infection in a Natural Host,WOS:000288994900015,21445235,N,,,Animals were from an outbred colony.
229,WOS,"Fulhorst, CF; Milazzo, ML; Duno, G; Salas, RA",2002,AMERICAN JOURNAL OF TROPICAL MEDICINE AND HYGIENE,10.4269/ajtmh.2002.67.107,"Experimental infection of the Sigmodon alstoni cotton rat with Cano Delgadito virus, a South American hantavirus",WOS:000178069600017,12363052,N,,,Third or fourth generation from wild captured S. alstoni.
230,CLOVER,NA,2009,Journal of virology,NA,A novel cardiotropic murine adenovirus representing a distinct species of mastadenoviruses.,NA,19297486,N,,,Not an in vivo infection experiment of wild animals.
231,CLOVER,"Pretorius A, Oelofsen MJ, Smith MS, and van der Ryst E",1997,The American journal of tropical medicine and hygiene,NA,Rift Valley fever virus: A seroepidemiologic study of small terrestrial vertebrates in South Africa. ,NA,9430529,N,,,
232,CLOVER,NA,2010,Journal of virology,NA,Pathogenesis of a model gammaherpesvirus in a natural host.,NA,20130062,N,,,Animals are obtained from an outbred colony and are not wild animals.
233,WOS,"Artwohl, James; Ball-Kell, Susan; Valyi-Nagy, Tibor; Wilson, Steven P.; Lu, Ying; Park, Thomas J.",2009,COMPARATIVE MEDICINE,,Extreme Susceptibility of African Naked Mole Rats (Heterocephalus glaber) to Experimental Infection with Herpes Simplex Virus Type 1,WOS:000264313500009,19295058,N,,,From an inhouse breeding colony
234,WOS,"Botten, J; Mirowsky, K; Kusewitt, D; Bharadwaj, M; Yee, J; Ricci, R; Feddersen, RM; Hjelle, B",2000,PROCEEDINGS OF THE NATIONAL ACADEMY OF SCIENCES OF THE UNITED STATES OF AMERICA,10.1073/pnas.180197197,Experimental infection model for Sin Nombre hantavirus in the deer mouse (Peromyscus maniculatus),WOS:000089341400053,10973478,N,,,"Animals appear to be from a colony set up starting as early as 1997 (https://academic.oup.com/jmammal/article/81/1/250/2372875). Majority of animals were wild-caught (110), but 6 laboratory bred deer mice were included"
235,WOS,"Safronetz, David; Lindsay, Robbin; Hjelle, Brian; Medina, Rafael A.; Mirowsky-Garcia, Katy; Drebot, Michael A.",2006,AMERICAN JOURNAL OF TROPICAL MEDICINE AND HYGIENE,10.4269/ajtmh.2006.75.1135,Use of IgG avidity to indirectly monitor epizootic transmisson of sin nombre virus in deer mice (Peromyscus maniculatus),WOS:000242881600022,17172381,N,,,Not entirely clear if the animals are laboratory animals or not.
236,WOS,"PARNAS, J.; SZCZYGIELSKA, J.; ZWOLSKI, W.; BURDZY, K.",1960,WIADOMOSCI PARAZYTOL,,Susceptibility of Microtus arvalis and some arthropoda to infection with the virus of influenza [English summ.],BCI:BCI19613600041529,13732917,,In Russian (potentially),,
237,WOS,"SILVERMAN, J; PATURZO, F; SMITH, AL",1982,LABORATORY ANIMAL SCIENCE,,EFFECTS OF EXPERIMENTAL-INFECTION OF THE DEER MOUSE (PEROMYSCUS-MANICULATUS) WITH MOUSE HEPATITIS-VIRUS,WOS:A1982NT47100008,6285078,N,,,Inbred animals used not wild animals.
238,WOS,"FAIRBROTHER, A; YUILL, TM",1987,JOURNAL OF WILDLIFE DISEASES,10.7589/0090-3558-23.2.179,EXPERIMENTAL-INFECTION AND HORIZONTAL TRANSMISSION OF MODOC VIRUS IN DEER MICE (PEROMYSCUS-MANICULATUS),WOS:A1987H002600001,3035240,N,,,Animals are from an outbred colony not wild.
239,WOS,"MORNSTEINOVA, D; ALBRECHT, P",1957,"Ceskoslovenska epidemiologie, mikrobiologie, imunologie",,[Experimental infection of the mouse Micromys minutus with the virus of Czechoslovakian tickborne encephalitis].,MEDLINE:13437334,13437334,,In Russian,,
240,WOS,"Howard, E. A. T.",1975,Dissertation,NA,"Investigations during the 1971 epizootic of Venezuelan equine encephalitis in Texas and subsequent experimental infection and intracage transmission studies with two strains of the virus in cotton rats, Sigmodon hispidus (Say and Ord).",CABI:19762262895,NA,N,,,PhD Dissertation
241,NA,Williamson et al.,2008,Australian Veterinary Journal,10.1111/j.1751-0813.1998.tb12335.x.,"Transmission studies of Hendra virus (equine morbillivirus) in fruit bats, horses and cats",NA,9972433,N,,"Broder, 2016",
242,NA,Halpin et al.,2011,American Journal of Tropical Medicine and Hygiene,10.4269/ajtmh.2011.10-0567.,Pteropid bats are confirmed as the reservoir hosts of henipaviruses: a comprehensive experimental study of virus transmission,NA,22049055,N,,"Broder, 2016",
243,NA,Schlottau et al.,2020,Lancet Microbe,10.1016/S2666-5247(20)30089-6,"SARS-CoV-2 in fruit bats, ferrets, pigs, and chickens: an experimental transmission study",NA,32838346,N,,"Abdel-Moneim, 2020",
244,NA,Bertzbach et al.,2021,Transboundary Emerging Diseases,10.1111/tbed.13837,SARS-CoV-2 infection of Chinese hamsters (Cricetulus griseus) reproduces COVID-19 pneumonia in a well-established small animal model,NA,32946664,N,Obtained from German pet trade ,"Pramod, 2021",
245,NA,La Motte et al.,1958,American Journal of Hygiene,10.1093/oxfordjournals.aje.a119912,JAPANESE B ENCEPHALITIS IN BATS DURING SIMULATED HIBERNATION,NA,13508658,N,,"Sulkin, 1965",
246,NA,Suklin et al.,1959,Journal of Experimental Medicine,10.1084/jem.110.3.369,Studies on the Pathogenesis of Rabies in Insectivorous Bats. I. ROLE OF BROWN ADIPOSE TmSUE ,NA,13835624,N,,"Sulkin, 1965",
247,NA,Osorio et al.,1996,American Journal of Tropical Medicine and Hygiene,10.4269/ajtmh.1996.54.338,La Crosse Viremias in White-Tailed Deer and Chipmunks Exposed by Injection or Mosquito Bite,NA,8615443,N,,"Bowen, 2007",
248,NA,Reagan & Brueckner,1951,The Cornell Veterinarian,NA,Response of the cave bat (Myotus Lucifeugu) to Newcastle disease birus by various methods of exposure,NA,14812844,N,,"Malaga-Alba, 1954",
249,NA,"Hutson CL, Carroll DS, Gallardo-Romero N, et al.",2011,PLoS One,10.1371/journal.pone.0028295,Monkeypox disease transmission in an experimental setting: prairie dog animal model,NA,22164263,N,,Parker 2013,
250,NA,"Hutson CL, Olson VA, Carroll DS, et al.",2009,Journal of General Virology,10.1099/vir.0.005108-0,A prairie dog animal model of systemic orthopoxvirus disease using West African and Congo Basin strains of monkeypox virus,NA,19141441,N,,Parker 2013,
251,NA,"Hutson CL, Carroll DS, Self J, et al.",2010,Virology,10.1016/j.virol.2010.03.012,Dosage comparison of Congo Basin and West African strains of monkeypox virus using a prairie dog animal model of systemic orthopoxvirus disease,NA,20374968,N,,Parker 2013,
252,NA,"Keckler MS, Carroll DS, Gallardo-Romero NF, et al.",2011,Journal of Virology,10.1128/JVI.02174-10,Establishment of the black-tailed prairie dog (Cynomys ludovicianus) as a novel animal model for comparing smallpox vaccines administered preexposure in both high- and low-dose monkeypox virus challenges,NA,21632764,N,,Parker 2013,Captive bred animals (unsure of generation)
253,NA,"Smith SK, Self J, Weiss S, et al.",2011,Journal of Virology,10.1128/JVI.02173-10,Effective antiviral treatment of systemic orthopoxvirus disease: ST-246 treatment of prairie dogs infected with monkeypox virus,NA,21697474,N,,Parker 2013,
254,NA,"Hutson CL, et al.",2015,PLOS NEGLECTED TROPICAL DISEASES,10.1371/journal.pntd.0004013,Laboratory Investigations of African Pouched Rats (Cricetomys gambianus) as a Potential Reservoir Host Species for Monkeypox Virus,NA,26517724,N,,Parker 2013,
255,NA,"Marennikova, S.; Shelukhina, EM.; Shenkman, LS",1998,Twelfth International Poxvirus Symposium,,Cotton rats (Sigmodon hispidus) as an experimental model of monkeypox infection,NA,NA,N,,Parker 2013,"Conference presentation, can't find associated abstract or paper"
256,NA,"Sbrana E, Jordan R, Hruby DE, et al.",2007,American Journal of Tropical Medicine and Hygiene,,Efficacy of the antipoxvirus compound ST-246 for treatment of severe orthopoxvirus infection,NA,17426185,N,,Parker 2013,
257,NA,"Platt KB, Tucker BJ, Halbur PG, Blitvich BJ, Fabiosa FG, Mullin K, Parikh GR, Kitikoon P, Bartholomay LC, Rowley WA",2008,VECTOR-BORNE AND ZOONOTIC DISEASES,10.1089/vbz.2007.0182,Fox squirrels (Sciurus niger) develop West Nile virusviremias sufficient for infecting select mosquito species.  8:225233,NA,18240969,N,,Root 2013,
258,NA,"Tiawsirisup S, Blitvich BJ, Tucker BJ, Halbur PG, Bartholomay LC, Rowley WA, Platt KB",2010,VECTOR-BORNE AND ZOONOTIC DISEASES,10.1089/vbz.2008.0158,Susceptibility of fox squirrels (Sciurus niger) to West Nile virusby oral exposure,NA,19402765,N,,Root 2013,
259,NA,"Platt KB, Tucker BJ, Halbur PG, Tiawsirisup S, Blitvich BJ, Fabiosa FG, Bartholomay LC, Rowley WA",2007,Emerging Infectious Diseases,10.3201/eid1306.061008,West Nile virusviremia in eastern chipmunks (Tamias striatus) sufficient for infecting different mosquitoes,NA,17553220,N,,Root 2013,
260,NA,Karabatos N,1985,NA,NA,"International catalogue of arboviruses, including certain other viruses of vertebrates ",NA,NA,N,Only available as a physical copy,Root 2013,Book
261,NA,"OELOFSEN, M. J., AND E. VAN DER RYST",1999,Onderstepoort Journal of Veterinary Research,NA,Could bats act as reservoir hosts for Rift Valley fever virus?,NA,10396763,N,,Olive 2013,
262,NA,"TAYLOR, P., AND R. SWANEPOEL",1980,Zimbabwe Veterinary Journal,NA,"Observations on mosquitoes, midges and rodents during the 1978 Rift Valley fever epizootic in Zimbabwe",NA,NA,N,,Olive 2013,Not an in vivo infection experiment. 
263,NA,WEINBREN M.P. AND P. J. MASON,1957,South African Medical Journal,10.10520/AJA20785135_45297,Rift Valley fever in a wild field rat (Arvicanthis abyssinicus): A possible natural host,NA,13442725,N,,Olive 2013,"Not wild animals, they came from a colony started from 4 pairs of wild animals in 1955, the paper was published in 1957. "
264,NA,"HENDERSON, B. E., S. D. K. SEMPALA, Y. SSENKUBU, A. W. R. MCCRAE, AND B. G. KIRYA",1972,Annals of Tropical Medicine and Parasitology,10.1080/00034983.1972.11686834,"Arbovirus epizootics involving man, mosquitoes and vertebrates at Lunyo, Uganda 1968",NA,4404504,N,,Olive 2013,Not an in vivo infection experiment. 
265,NA,"FINDLAY, G. M.",1931,Transactions of the Royal Society of Tropical Medicine and Hygiene,10.1016/S0035-9203(32)90042-X,Rift Valley fever or enzootic hepatitis,NA,NA,N,I believe this is the full researches that is briefly summarised in the short communication below on row 267.,Olive 2013,Unclear whether the rodents are wild trapped or not.
266,NA,FINDLAY AND R. DAUBNEY,1931,Lancet,10.1016/S0140-6736(00)99624-7,The virus of Rift Valley fever or enzootic hepatitis,NA,NA,N,,Olive 2013,Not primary research
267,NA,"Gregory A. Prince, DDS, PhD, A. Bennett Jenson, MD, Robert L. Horswood, Ena Camargo, and Robert M. Chanock, MD",1978,The American journal of pathology,NA,The pathogenesis of respiratory syncytial virus infection in cotton rats.,NA,362946,N,,"Taylor, 2017",Not wild animals.
268,NA,"Shumpei Watanabe, Joseph S. Masangkay, Noriyo Nagata, Shigeru Morikawa, Tetsuya Mizutani, Shuetsu Fukushi, Phillip Alviola, Tsutomu Omatsu, Naoya Ueda, Koichiro Iha, Satoshi Taniguchi, Hikaru Fujii, Shumpei Tsuda, Maiko Endoh, Kentaro Kato, Yukinobu Tohya, Shigeru Kyuwa, Yasuhiro Yoshikawa, and Hiroomi Akashi",2010,Emerg Infect Dis.,10.3201/eid1608.100208,"Bat Coronaviruses and Experimental Infection of Bats, the Philippines",NA,20678314,N,,"Banerjee, 2019",Not an in vivo experimental infection study.
269,NA,"Munster, Vincent J; Adney, Danielle R; van Doremalen, Neeltje",2016,Nature Reports,10.1038/srep21878,Bats and Coronaviruses Replication and shedding of MERS-CoV in Jamaican fruit bats,NA,26899616,N,,"Banerjee, 2019",
270,NA,"W Sadowski, J Wilczyski, R Semkow, M Tulimowska, S Kru, M Katoch",1987,Med Dosw Mikrobiol,NA,The cotton rat (Sigmodon hispidus) as an experimental model for studying viruses in respiratory tract infections. II. Influenza viruses types A and B,NA,3295428,N,In Polish,"Vahlenkamp, 2006",
271,NA,"Martin G. Ottolini, Jorge C. G. Blanco, Maryna C. Eichelberger, David D. Porter, Lioubov Pletneva, Joann Y. Richardson and Gregory A. Prince",2005,Virology,10.1099/vir.0.81145-0,The cotton rat provides a useful small-animal model for the study of influenza virus pathogenesis,NA,16186238,N,,"Vahlenkamp, 2006","Not wild animals, they come from an inbred colony."
272,NA,"Maryna C. Eichelberger, a,* Gregory A. Prince,a and Martin G. Ottolini",2003,Virology,10.1016/j.virol.2004.01.032,"Influenza-induced tachypnea is prevented in immune cotton rats, but cannot be treated with an anti-inflammatory steroid or a neuraminidase inhibitor",NA,15110527,N,,"Vahlenkamp, 2006","Not wild animals, they come from an inbred colony."
273,NA,"R. Franka, N. Johnson, T. Muller, A. Vos, L. Neubert, C. Freuling, C. E. Rupprecht and A. R. Fooks",2008,Journal of general virology,10.1099/vir.0.83688-0,Susceptibility of North American big brown bats (Eptesicus fuscus) to infection with European bat lyssavirus type 1,NA,18632972,N,,"Baynard, 2013",
274,NA,Freuling et al,2009,Journal of general virology,10.1099/vir.0.011510-0,Experimental infection of serotine bats (Eptesicus serotinus) with European bat lyssavirus type 1a,NA,18632972,N,,"Baynard, 2013",
275,NA,"AD VOS , INGRID KAIPF , ANNETTE DENZINGER , ANTHONY R. FOOKS , NICK JOHNSON , and THOMAS MLLER",2007,Acta Chiropterologica,10.3161/1733-5329(2007)9[283:EBLAEE]2.0.CO;2,European bat lyssaviruses  an ecological enigma,NA,NA,Y,,"Baynard, 2013",Review
276,NA,"Nicholas Johnson, Ad Vos, Larissa Neubert, Conrad Freuling, Karen L. Mansfield, Ingrid Kaipf, Annette Denzinger, Dan Hicks, Alex Nu nez, Richard Franka, Charles E. Rupprecht,5 Thomas Muller3 and Anthony R. Fooks1",2008,Journal of General Virology,10.1099/vir.0.2008/003889-0.,Experimental study of European bat lyssavirus type-2 infection in Daubenton's bats (Myotis daubentonii),NA,18931061,N,,"Baynard, 2013",
277,NA,"I V Kuz'min, A D Botvinkin, R T Shamardanov",1994,Voprosy virusologii,NA,Experimental lyssavirusinfection in chiropters.,NA,8160441,N,In Russian,"Baynard, 2013",
278,NA,Javier A. Moreno and George M. Baer,1980,The American Society of Tropical Medicine and Hygiene,10.4269/ajtmh.1980.29.254,Experimental rabies in the vampire bat.,NA,7369444,N,,"Baynard, 2013",
279,NA,"M. F. ALME IDA, L. F. A. MARTORELL , C. C. A IRES, P. C. SALLUM , E. L. DUR IGON AND E. MASSAD",2005,Epidemiol. Infect. (,10.1017/S0950268804003656,Experimental rabies infection in haematophagous bats Desmodus rotundus.,NA,15962559,N,,"Baynard, 2013",
280,NA,"Rodrigues, Y. J. L., and Tamayo, J. G.",2000,Rev. Fac. Cs. Vets,NA,Pathology of experimental infection with therabies virus in hematophagous bat (Desmodus rotundus).,NA,NA,N,,"Baynard, 2013",
281,NA,"A. AGU ILAR -SET IEN, E. LOZA -RUB IO , M. SALAS -ROJAS , N. BR ISSEAU , F. CL IQUET , P.-P. PASTORET , S. ROJAS -DOTOR , E. TESORO AND R. KRETSCHMER",2005,Epidemiol Infect,10.1017/S0950268805003705,Salivary excretion of rabies virus by healthy vampire bats,NA,15966107,N,,"Baynard, 2013",
282,NA,"S. EDWARD SULKIN, PHILIP H. KRUTZSCH, CRAIG WALLIS, AND RAE ALLEN",1957,Proc Soc Exp Biol Med,10.3181/00379727-96-23507,Role of Brown Fat in Pathogenesis of Rabies in Insectivorous Bats ( Tadarida 6. mexicana,NA,13485132,N,,"Baynard, 2013",
283,NA,IVAN V. KUZMIN AND CHARLES E. RUPPRECHT,2007,Academic Press,10.1016/B978-012369366-2/50008-7,Bat Rabies,NA,NA,Y,,"Baynard, 2013",Review
284,NA,Turmelle et al.,2010,Journal of General Virology,10.1099/vir.0.020073-0,Host immunity to repeated rabies virus infection in big brown bats,NA,20519458,N,,"Baynard, 2013",
285,NA,McColl et al.,2002,Australian Veterinary Journal,10.1111/j.1751-0813.2002.tb10973.x,Pathogenesis studies with Australian bat lyssavirus in grey-headed flying foxes (Pteropus poliocephalus),NA,12465817,N,,"Baynard, 2013",
286,NA,"Bryan T. Eaton*, Christopher C. Broder, Deborah Middleton* and Lin-Fa Wang*",2006,Nature Reviews Microbiology,10.1038/nrmicro1323,Hendra and Nipah viruses: different and dangerous,NA,NA,Y,,"Dhondt, 2013",Review
287,NA,Glenn A Marsh and Lin-Fa Wang,2013,Current Opinions in Virology,10.1016/j.coviro.2012.03.006,Hendra and Nipah viruses: why are they so deadly?,NA,NA,Y,,"Dhondt, 2013",Opinion paper
288,NA,"Charles H. Calisher, James E. Childs, Hume E. Field, Kathryn V. Holmes, and Tony Schountz",2006,Clinical Microbiology reviews,10.1128/CMR.00017-06,Bats: Important Reservoir Hosts of Emerging Viruses,NA,16847084,Y,,"Dhondt, 2013",Review
289,NA,"B A Clayton, L F Wang, G A Marsh",2012,Zoonoses Public Health,10.1111/j.1863-2378.2012.01501.x,Henipaviruses: An Updated Review Focusing on the Pteropid Reservoir and Features of Transmission,NA,22709528,Y,,"Dhondt, 2013",Review
290,NA,World Organisation for animal health,2021,World Organisation for animal health,NA,INFECTION WITH SARS-COV-2 IN ANIMALS,NA,NA,,,"Pramod, 2021",Not an experimental infection.
291,NA,"Ito,T., and Saito,S.",1952,,NA,Susceptibility of Bats to Japanese B. Encephalitis Virus.,NA,NA,,In Japanese,"Sulkin, 1965",Good summary of study in Suklin 1962_B
292,NA,"Sulkin, S. E. ;  Sims, Ruth ;  Allen, R.",1964,American Journal of Tropical Medicine and Hygiene,NA,Studies of Arthropod-Borne Virus Infections in Chiroptera. II. Experiments with Japanese B and St. Louis Encephalitis Viruses in the Gravid Bat. Evidence of Transplacental Tranmission.,NA,14162904,,,"Sulkin, 1965",
293,NA,Goro Kuno,2001,Reviews in Medical Virology,10.1002/rmv.314,Persistence of arboviruses and antiviral antibodies in vertebrate hosts: its occurrence and impacts,NA,11376480,Y,,"Bowen, 2007",Review
294,NA,"IRVING MILLMAN, LENORE SOUTHAM, THERESA HALBHERR, HEIDI SIMMONS AND CHONG MYUNG KAN",1984,Hepatology,10.1002/hep.1840040503,Woodchuck hepatitis virus: experimental infection and natural occurrence,NA,6383996,N,,"Tenant, 2008",
295,NA,"G V Tyler, R L Snyder, J Summers",1986,Lab Invest,NA,Experimental infection of the woodchuck (Marmota monax monax) with woodchuck hepatitis virus,NA,3724063,N,,"Tenant, 2008",No mention if/where the animals were captured. It was assumed the animals were not wild.
296,NA,"K Kajino 1, A R Jilbert, J Saputelli, C E Aldrich, J Cullen, W S Mason",1994,Journal of Virology,10.1128/JVI.68.9.5792-5803.1994,Woodchuck hepatitis virusInfections: Very Rapid Recovery after a Prolonged Viremia and Infection of Virtually Every Hepatocyte,NA,7914548,N,,"Tenant, 2008",No mention if/where the animals were captured. It was assumed the animals were not wild.
297,NA,"S Shanmuganathan 1, J A Waters, P Karayiannis, M Thursz, H C Thomas",1996,Journal of Medical Virology,10.1002/(sici)1096-9071(199706)52:2<128::aid-jmv2>3.0.co;2-5,Mapping of the cellular immune responses to woodchuck hepatitis core antigen epitopes in chronically infected woodchucks,NA,9179757,N,,"Tenant, 2008",The three laboratory infected woodchuck were captive bred and not wild.
298,NA,"P J Cote, B E Korba, B Baldwin, W E Hornbuckle, B C Tennant, J L Gerin",1992,Journal of Infectious Diseases,10.1093/infdis/166.3.628,Immunosuppression with cyclosporine during the incubation period of experimental Woodchuck hepatitis virusinfection increases the frequency of chronic infection in adult woodchucks,NA,1500746,N,,"Tenant, 2008",Animals are from a breeding colony.
299,NA,"D C Wong, J W Shih, R H Purcell, J L Gerin, and W T London",1982,Journal of Clinical Microbiology,10.1128/jcm.15.3.484-490.1982,"Natural and experimental infection of woodchucks with woodchuck hepatitis virus, as measured by new, specific assays for woodchuck surface antigen and antibody.",NA,7076821,N,,"Tenant, 2008",
300,NA,"H Popper, J W Shih, J L Gerin, D C Wong, B H Hoyer, W T London, D L Sly, R H Purcell",1981,Hepatology,10.1002/hep.1840010202,Woodchuck hepatitis and hepatocellular carcinoma: correlation of histologic with virologic observations,NA,6269981,N,,"Tenant, 2008",Not an experimental infection
301,NA,"PATRICIA L. MARION, SUSAN s. KNIGHT, FELIX H. SALAZAR, HANS POPPER, AND WILLIAM S. ROBINSON",1983,Hepatology,0270-9139/83/0304-0519$02.00/0,Ground Squirrel Hepatitis Virus Infection,NA,NA,N,,"Tenant, 2008",
302,NA,"Ju-Tao Guo, Huan Zhou, Chen Liu, Carol Aldrich, Jeffrey Saputelli, Tony Whitaker, M. Inmaculada Barrasa, William S. Mason, and Christoph Seeger*",2000,Journal of Virology,10.1128/jvi.74.3.1495-1505.2000,Apoptosis and Regeneration of Hepatocytes during Recovery from Transient Hepadnavirus Infections,NA,10627561,N,,"Tenant, 2008",Not wild animals. They were purchased from North-Eastern Wildlife.
303,NA,Korba et al.,1989,Hepatology,10.1002/hep.1840090321,Hepatocellular carcinoma in woodchuck hepatitis virus-infected woodchucks: presence of viral DNA in tumor tissue from chronic carriers and animals serologically recovered from acute infections,NA,2465987,N,,"Tenant, 2008","Not wild animals, they are from a breeding colony."
304,NA,"R Swanepoel, P A Leman, F J Burt, N A Zachariades, L E Braack, T G Ksiazek, P E Rollin, S R Zaki, C J Peters",1996,Emerging Infectious Disease,10.3201/eid0204.960407,Experimental Inoculation of Plants and Animals with Ebola Virus,NA,8969248,N,,"Schuh_A, 2017",
305,NA,"Janusz T. Paweska ,Petrus Jansen van Vuren,Justin Masumu,Patricia A. Leman,Antoinette A. Grobbelaar,Monica Birkhead,Sarah Clift,Robert Swanepoel,Alan Kemp",2012,PLOS One,https://doi.org/10.1371/journal.pone.0045479,Virological and Serological Findings in Rousettus aegyptiacus Experimentally Inoculated with Vero Cells-Adapted Hogan Strain of Marburg Virus,NA,NA,N,,"Schuh_A, 2017",
306,NA,"M M Williamson, P T Hooper, P W Selleck, L J Gleeson, P W Daniels, H A Westbury, P K Murray",1998,Aust V J,10.1111/j.1751-0813.1998.tb12335.x,"Transmission studies of Hendra virus (equine morbillivirus)in fruit bats, horses and cats.",NA,9972433,N,,"Clayton, 2012",
307,NA,"D G Constantine, D F Woodall",1966,Am J Vet Res,NA,"Transmission experiments with bat rabies isolates: reactions of certain Carnivora, opossum, rodents, and bats to rabies virus of red bat origin when exposed by bat bite or by intrasmuscular inoculation",NA,5913032,N,,"Kuzmin, 2007",
308,NA,Kuzmin and Botvinkin,1996,Myotis,NA,The behaviour of bats Pipistrellus pipistrellus after experimental inoculation with rabies and rabies-like viruses and some aspects of pathogenesis,NA,NA,N,,"Kuzmin, 2007",
309,NA,Kirejczyk et al,2022,Viruses-Basel,10.3390/v14061278,"Histopathologic and Immunohistochemical Evaluation of Induced Lesions, Tissue Tropism and Host Responses following Experimental Infection of Egyptian Rousette Bats (Rousettus aegyptiacus) with the Zoonotic Paramyxovirus, Sosuga Virus",NA,35746749,N,,,
310,NA,El-Sayed & Kamel,2021,Environmental Science and Pollution Research,10.1007/s11356-021-12553-1,Coronaviruses in humans and animals: the role of bats in viral evolution,NA,NA,Y,,,Review
311,NA,do Vale et al,2021,Veterinary Research Communications,10.1007/s11259-021-09787-2,"Bats, pangolins, minks and other animals-villains or victims of SARS-CoV-2?",NA,33464439,Y,,,Review
312,NA,Michelitsch et al,2021,Advances in Virus Research,10.1016/bs.aivir.2021.03.004,SARS-CoV-2 in animals: From potential hosts to animal models,NA,34353482,Y,,,Review
313,NA,Latif & Mukaratirwa,2020,ONDERSTEPOORT JOURNAL OF VETERINARY RESEARCH,10.4102/ojvr.v87i1.1895,Zoonotic origins and animal hosts of coronaviruses causing human disease pandemics: A review,NA,NA,Y,,,Review
314,NA,Root & Shriner,2020,Viruses-Basel,10.3390/v12121352,"Avian Influenza A Virus Associations in Wild, Terrestrial Mammals: A Review of Potential Synanthropic Vectors to Poultry Facilities",NA,33256041,Y,,,Review
315,NA,Madrieres et al,2019,Viruses-Basel,10.3390/v11070664,"The Needs for Developing Experiments on Reservoirs in Hantavirus Research: Accomplishments, Challenges and Promises for the Future",NA,NA,Y,,,Review
316,NA,Root & Bosco-Lauth,2019,Viruses-Basel,10.3390/v11050459,West Nile virusAssociations in Wild Mammals: An Update,NA,31117189,Y,,,Review
317,NA,Mascarenhas et al,2018,PLoS One,10.1371/journal.pone.0207554,A scoping review of published literature on chikungunya virus,NA,30496207,Y,,,Review
318,NA,Rostal et al,2017,ILAR Journal,10.1093/ilar/ilx023,Rift Valley Fever: Does Wildlife Play a Role?,NA,28985319,Y,,,Review
319,NA,"Anna Z. Mykytyn, Mart M. Lamers, Nisreen M.A. Okba, Tim I. Breugem, Debby 3 Schipper, Petra B. van den Doel, Peter van Run, Geert van Amerongen, Leon de Waal, Marion 4 P.G. Koopmans, Koert J. Stittelaar, Judith M.A. van den Brand, Bart L. Haagmans",2020,Emerging Microbes & Infections,10.1080/22221751.2020.1868951,Susceptibility of rabbits to SARS-CoV-2,NA,33356979,N,,"Do Vale, 2021","I think only rabbits were inoculated, bat cell lines were used rather than in vivo infections."
320,NA,"J. JEFFREY ROOT,* PAUL T. OESTERLE, HEATHER J. SULLIVAN, JEFFREY S. HALL, NICOLE L. MARLENEE, ROBERT G. MCLEAN, JOHN A. MONTENIERI, AND LARRY CLARK",2007,"Am. J. Trop. Med. Hyg.,",https://doi-org.ezproxy.lib.gla.ac.uk/10.4269/ajtmh.2007.76.782,Fox squirrel (Sciurus niger) associations with West Nile virus,NA,17426187,N,,"Root, 2019",Not an experimental infection study.
321,NA,"Forbes, K.M.; Huitu, O.; Sironen, T.; Voutilainen, L.; Stuart, P.; Niemimaa, J.; Vapalahti, O.; Henttonen, H.",2013,J. Vect. Ecol.,https://doi.org/10.1111/j.1948-7134.2013.12058.x,Experimental investigation of a hantavirus host-switch between arvicoline rodents Lemmus lemmus and Myodes glareolus,NA,NA,N,,"Madrires, 2019",
322,NA,"P. Padula, R. Figueroa, M. Navarrete, E. Pizarro, R. Cadiz, C. Bellomo, C. Jofre, L. Zaror, E. Rodriguez, and R. Murua",2013,Journal of Virology,https://doi.org/10.1128/JVI.78.21.11972-11979.2004,Transmission Study of Andes Hantavirus Infection in Wild Sigmodontine Rodents,NA,NA,N,,"Madrires, 2019",
323,NA,"William Marciel de Souza , Alex Martins Machado, Luiz Tadeu Moraes Figueiredo",2016,Mem. Instit. Oswaldo Cruz,https://doi.org/10.1590/0074-02760160021,Experimental infection of Rio Mamore hantavirus in Sigmodontinae rodents,NA,27223653,N,,"Madrires, 2019",
324,NA,"McGuire, A.; Miedema, K.; Fauver, J.R.; Rico, A.; Aboellail, T.; Quackenbush, S.L.; Hawkinson, A.; Schountz, T.",2016,Viruses (Basel),https://doi.org/10.3390/v8100286,Maporal Hantavirus causes mild pathology in deer mice (Peromyscus maniculatus).,NA,27763552,N,,"Madrires, 2019","No mention of where the animals are from. This is deer mice and they do not state capture methods, so I assume they are lab animals and not wild."
325,NA,"Guivier, E.; Galan, M.; Male, P.J.; Kallio, E.R.; Voutilainen, L.; Henttonen, H.; Olsson, G.E.; Lundkvist, A.; Tersago, K.; Augot, D.; et al.",2010,Journal of General Virology,NA,"Associations between MHC genes and Puumalavirus infection inMyodesglareolusare detected inwild populations, but not from experimentalinfection data",NA,20573856,N,,"Madrires, 2019",
326,NA,"Harry Hoogstraal, James M. Meegan, Galila M. Khalil, Fatma K. Adham",1979,"Transactions of The Royal Society of Tropical Medicine and Hygiene,",https://doi.org/10.1016/0035-9203(79)90005-1,The Rift Valley fever epizootic in Egypt 19771978 2. Ecological and entomological studies,NA,44038,N,,"Rostal, 2017",
327,NA,"R. Swanepoel, N. K. Blackburn, S. Efstratiou, and J. B. Condy",1978,J Hyg (Lond).,10.1017/s0022172400053535,Studies on Rift Valley fever in some African murids (Rodentia: Muridae).,NA,632561,N,,"Rostal, 2017",
328,NA,G.M. Findlay,1932,Transactions of The Royal Society of Tropical Medicine and Hygiene,https://doi.org/10.1016/S0035-9203(32)90042-X,Rift valley fever or enzootic hepatitis,NA,NA,N,,"Rostal, 2017",
329,NA,"Jeffrey S. Hall,Susan Knowles,Sean W. Nashold,Hon S. Ip,Ariel E. Leon,Tonie Rocke,Saskia Keller,Mariano Carossino,Udeni Balasuriya,Erik Hofmeister",2021,Transbound Emerg Dis,https://doi.org/10.1111/tbed.13949,"Experimental challenge of a North American bat species, big brown bat (Eptesicus fuscus), with SARS-CoV-2",NA,NA,N,,"Michelitsch, 2021",Bats were not susceptible to infection. Does contain individual level data. 
330,NA,"Bailey, C.F.",1983,"Masters Thesis, University of Minnesota, Minneapolis, MN, USA,",NA,"Experimental Infection of Raccoon, Skunk, and Thirteen-Lined Ground Squirrels with Avian Derived Influenza A Viruses.",NA,NA,N,,"Root, 2020",Thesis
331,NA,"Queiroz Lima, E., and Alvaro Salles",1933,Jornal do Commercio,NA,"A transmissao da raiva bovina pelo morcego hematofagos ""Desmodus rotundus""",NA,NA,N,Illegible,"Malaga-Alba, 1954",Illegible
332,NA,"Torres S, Queiroz Lima E.",1935,Rev Depart Nac Prod Animal,NA,A raiva e os morcegos hematfagos infectados naturalmente,NA,NA,,In Spanish or Portuguese,"Malaga-Alba, 1954",
333,NA,"Benny Borremans , Raphal Vossen , Beate Becker-Ziaja , Sophie Gryseels , Nelika Hughes , Mats Van Gestel1, Natalie Van Houtte , Stephan Gnther & Herwig Leirs",2015,Scientific Reports ,https://doi.org/10.1038/srep10445,"Shedding dynamics of Morogoro virus, an African arenavirus closely related to Lassa virus, in its natural reservoir host Mastomys natalensis",NA,NA,N,,,Animals are from a breeding colony established in 1999 and the paper was published in 2015.
334,NA,"Kevin Ciminski, Wei Ran, Marco Gorka, Jinhwa Lee, Ashley Malmlov , Jan Schinkthe, Miles Eckley, Reyes A. Murrieta , Tawfik A. Aboellail , Corey L. Campbell , Gregory D. Ebel , Jingjiao Ma, Anne Pohlmann , Kati Franzke , Reiner Ulrich, Donata Hoffmann , Adolfo Garca-Sastre, Wenjun Ma, Tony Schountz, Martin Beer, and Martin Schwemmle ",2019,Nature Microbiology ,https://doi.org/10.1038/s41564-019-0556-9,Bat influenza viruses transmit among bats but are poorly adapted to non-bat species,NA,NA,N,,,
335,NA,J. L. Pawan,1948,Annals of Tropical Medicine & Parasitology,https://doi.org/10.1080/00034983.1948.11685359,Fruit-Eating Bats and Paralytic Rabies in Trinidad,NA,NA,N,,,
336,NA,J. L. Pawan,1936,Annals of Tropical Medicine & Parasitology,https://doi.org/10.1080/00034983.1936.11684948,"Rabies in the Vampire Bat of Trinidad, with Special Reference to the Clinical Course and the Latency of Infection",NA,NA,N,,,
337,NA,M.M. Williamson,1999,Journal of Comparative Pathology,doi:10.1053/jcpa.1999.0364,Experimental Hendra Virus Infection in Pregnant Guinea-pigs and Fruit Bats (Pteropus poliocephalus),NA,10684689,N,,Baker et al 2012,
338,NA,Ganem et al,1982,Journal of Virology,10.1128/jvi.44.1.366-373.1982,Biological Characterization of Acute Infection with Ground Squirrel Hepatitis Virus,NA,7143570,N,,"Trueba, 1985.pdf",
339,NA,Aitken et al ,1975,American Journal of Tropical Medicine and Hygiene,10.4269/ajtmh.1975.24.358,"Pacui virus, phlebotomine flies, and small mammals in Brazil: an epidemiological study",NA,235226,N,,"McLean, 1982.pdf",
