UniversalName,SppName_ICTV_MSL2018b,Reservoir,Vector.borne,Vector,Reference_Reservoir,Reference_Vector
Acara orthobunyavirus,NA,NA,1,mosquito,NA,﻿Plyusnin2011
Achimota rubulavirus 1,Achimota pararubulavirus 1,Pterobat,0,NA,Babayan2018,NA
Achimota rubulavirus 2,Achimota pararubulavirus 2,Pterobat,0,NA,Babayan2018,NA
Adelaide River ephemerovirus,Adelaide River ephemerovirus,NA,NA,NA,NA,NA
Adeno-associated dependoparvovirus A,Adeno-associated dependoparvovirus A,Human,0,NA,Cotmore2014; Lukashov2001,NA
Adeno-associated dependoparvovirus B,Adeno-associated dependoparvovirus B,Artiodactyl,0,NA,Schmidt2004,NA
Adeno-associated dependoparvovirus B,Adeno-associated dependoparvovirus B,Human,0,NA,Schmidt2004; Lukashov2001,NA
Aedes flavivirus,NA,Insect,0,mosquito,Babayan2018,Babayan2018
Aedes pseudoscutellaris reovirus,NA,Insect,0,mosquito,﻿Attoui2005,﻿Attoui2005
African green monkey polyomavirus,NA,NonHumanPrimate,0,NA,﻿Knipe2013,NA
African green monkey simian foamy virus,Grivet simian foamy virus,NonHumanPrimate,0,NA,Knipe2013,NA
African horse sickness virus,African horse sickness virus,Perissodactyla,1,midge,Mellor2004,Mellor2004
African pouched rat arterivirus,NA,Orphan,NA,NA,NA,NA
African swine fever virus,African swine fever virus,Artiodactyl,1,tick,Costard2013,Costard2013
Aguacate virus,NA,Orphan,1,sandfly,Babayan2018,Babayan2018
Aichivirus A,Aichivirus A,Carnivore,0,NA,Babayan2018,NA
Aichivirus A,Aichivirus A,Human,0,NA,﻿Khamrin2014,NA
Aichivirus B,NA,Artiodactyl,0,NA,﻿Jeoung2011; ﻿Khamrin2014,NA
Aichivirus C,NA,Artiodactyl,0,NA,﻿Khamrin2014,NA
Aichivirus D,NA,Orphan,0,NA,﻿Otomaru2016,NA
Aichivirus E,NA,Orphan,0,NA,﻿Pankovics2016,NA
Aichivirus F,NA,Orphan,0,NA,﻿Li2010a,NA
Akabane orthobunyavirus,Akabane orthobunyavirus,Artiodactyl,1,midge,Babayan2018,Babayan2018
Alagoas vesiculovirus,Alagoas vesiculovirus,Artiodactyl,1,sandfly,Babayan2018,Babayan2018
Alajuela orthobunyavirus,NA,NA,1,mosquito,NA,﻿Plyusnin2011
Alcelaphine gammaherpesvirus 1,Alcelaphine gammaherpesvirus 1,Artiodactyl,0,NA,Knipe2013; Heuschele1984; OToole2014,NA
Alcelaphine gammaherpesvirus 2,Alcelaphine gammaherpesvirus 2,Artiodactyl,0,NA,OToole2014,NA
Alethinophid 1 reptarenavirus,Golden reptarenavirus,Reptile,0,NA,Babayan2018,NA
Alethinophid 2 reptarenavirus,California reptarenavirus,Reptile,0,NA,Babayan2018,NA
Alethinophid 3 reptarenavirus,Rotterdam reptarenavirus,Reptile,0,NA,Babayan2018,NA
Alfalfa dwarf cytorhabdovirus,NA,Plant,NA,NA,NA,NA
Allpahuayo mammarenavirus,Allpahuayo mammarenavirus,Rodent,0,NA,Babayan2018,NA
Almpiwar sripuvirus,Almpiwar sripuvirus,Reptile,1,mosquito,Babayan2018,Babayan2018
Alphacoronavirus 1,Alphacoronavirus 1,Carnivore,0,NA,Babayan2018,NA
Alphacoronavirus 2,NA,Carnivore,0,NA,Babayan2018,NA
Alphapapillomavirus 1,Alphapapillomavirus 1,Human,0,NA,Knipe2013; Bernard2010,NA
Alphapapillomavirus 10,Alphapapillomavirus 10,Human,0,NA,Knipe2013; Bernard2010,NA
Alphapapillomavirus 11,Alphapapillomavirus 11,Human,0,NA,Knipe2013; Bernard2010,NA
Alphapapillomavirus 12,Alphapapillomavirus 12,NonHumanPrimate,0,NA,Knipe2013; Bernard2010,NA
Alphapapillomavirus 13,Alphapapillomavirus 13,Human,0,NA,Knipe2013; Bernard2010,NA
Alphapapillomavirus 14,Alphapapillomavirus 14,Human,0,NA,Knipe2013; Bernard2010,NA
Alphapapillomavirus 2,Alphapapillomavirus 2,Human,0,NA,Knipe2013; Bernard2010,NA
Alphapapillomavirus 3,Alphapapillomavirus 3,Human,0,NA,Knipe2013; Bernard2010,NA
Alphapapillomavirus 4,Alphapapillomavirus 4,Human,0,NA,Knipe2013; Bernard2010,NA
Alphapapillomavirus 5,Alphapapillomavirus 5,Human,0,NA,Knipe2013; Bernard2010,NA
Alphapapillomavirus 6,Alphapapillomavirus 6,Human,0,NA,Knipe2013; Bernard2010,NA
Alphapapillomavirus 7,Alphapapillomavirus 7,Human,0,NA,Knipe2013; Bernard2010,NA
Alphapapillomavirus 8,Alphapapillomavirus 8,Human,0,NA,Knipe2013; Bernard2010,NA
Alphapapillomavirus 9,Alphapapillomavirus 9,Human,0,NA,Knipe2013; Bernard2010,NA
Amaparí mammarenavirus,Serra do Navio mammarenavirus,Rodent,0,NA,Babayan2018,NA
American bat vesiculovirus,American bat vesiculovirus,Vespbat,?,unknown,Babayan2018,Babayan2018
Amga orthohantavirus,NA,Orphan,NA,NA,﻿Yanagihara2015,NA
Ampivirus A,NA,Orphan,NA,NA,﻿Reuter2015,NA
Andes orthohantavirus,Andes orthohantavirus,Rodent,0,NA,Babayan2018,NA
Anguillid perhabdovirus,Anguillid perhabdovirus,Fish,0,NA,Babayan2018,NA
Anopheles A orthobunyavirus,Anopheles A orthobunyavirus,NA,1,mosquito,NA,Shapshak2015; shchetinin2015
Anopheles B orthobunyavirus,Anopheles B orthobunyavirus,NA,1,mosquito,NA,Shapshak2015; desouzalopes1974
Apoi virus,Apoi virus,Rodent,0,NA,Babayan2018,NA
Aquamavirus A,Aquamavirus A,Carnivore,0,NA,Babayan2018,NA
Aquareovirus A,NA,Fish,0,NA,﻿Lupiani1995,NA
Aquareovirus B,NA,Fish,0,NA,﻿Lupiani1995,NA
Aquareovirus C,NA,Fish,0,NA,﻿Lupiani1995,NA
Aquareovirus D,NA,Fish,0,NA,﻿Lupiani1995,NA
Aquareovirus E,NA,Fish,0,NA,﻿Lupiani1995,NA
Aquareovirus F,NA,Fish,0,NA,﻿Lupiani1995,NA
Aquareovirus G,NA,Fish,0,NA,﻿Lupiani1995,NA
Araguari virus,NA,Orphan,?,unknown,lvov2015a,lvov2015a
Aravan lyssavirus,Aravan lyssavirus,Vespbat,0,NA,Babayan2018,NA
Arboretum almendravirus,Arboretum almendravirus,Orphan,1,mosquito,Babayan2018,Babayan2018
Arenavirus H0030026,NA,Rodent,0,NA,Babayan2018,NA
Aroa virus,Aroa virus,Rodent,1,unknown,Babayan2018,Babayan2018
Arumowot virus,NA,Rodent,1,mosquito,Babayan2018,Babayan2018
Asama orthohantavirus,NA,Orphan,NA,NA,﻿Arai2008,NA
Asikkala orthohantavirus,NA,Orphan,NA,NA,﻿Radosa2013,NA
Astrovirus Er/SZAL6/HUN/2011,NA,Orphan,0,NA,Babayan2018,NA
Astrovirus MLB2,NA,Human,0,NA,Vu2017,NA
Astrovirus MLB3,NA,Human,0,NA,Vu2017,NA
Astrovirus VA3,NA,Human,0,NA,Vu2017,NA
Astrovirus VA4,NA,Human,0,NA,Vu2017,NA
Astrovirus wild boar/WBAstV-1/2011/HUN,NA,Artiodactyl,0,NA,Babayan2018,NA
Ateline alphaherpesvirus 1,Ateline alphaherpesvirus 1,NonHumanPrimate,0,NA,Davison2009,NA
Ateline gammaherpesvirus 2,Ateline gammaherpesvirus 2,NonHumanPrimate,0,NA,Davison2009; Fleckenstein1982,NA
Atlantic salmon calicivirus,NA,Fish,0,NA,Babayan2018,NA
Aura virus,Aura virus,Orphan,1,mosquito,Babayan2018,Babayan2018
Australian bat lyssavirus,Australian bat lyssavirus,NA,0,NA,NA,NA
Avastrovirus 1,Avastrovirus 1,Galliformes,0,NA,Babayan2018,NA
Avastrovirus 2,Avastrovirus 2,Galliformes,0,NA,Babayan2018,NA
Avastrovirus 3,Avastrovirus 3,Anseriformes,0,NA,Babayan2018,NA
Avian avulavirus 1,Avian orthoavulavirus 1,Columbiformes,0,NA,gogoi2017,NA
Avian avulavirus 1,Avian orthoavulavirus 1,Galliformes,0,NA,gogoi2017,NA
Avian avulavirus 1,Avian orthoavulavirus 1,Suliformes,0,NA,cross2013,NA
Avian avulavirus 10,Avian metaavulavirus 10,Sphenisciformes,0,NA,gogoi2017,NA
Avian avulavirus 11,Avian metaavulavirus 11,Orphan,0,NA,gogoi2017,NA
Avian avulavirus 12,Avian orthoavulavirus 12,Orphan,0,NA,gogoi2017,NA
Avian avulavirus 13,NA,NA,NA,NA,NA,NA
Avian avulavirus 2,NA,Galliformes,0,NA,gogoi2017,NA
Avian avulavirus 2,NA,Passeriformes,0,NA,gogoi2017,NA
Avian avulavirus 3,Avian paraavulavirus 3,Galliformes,0,NA,gogoi2017,NA
Avian avulavirus 4,Avian paraavulavirus 4,Anseriformes,0,NA,gogoi2017,NA
Avian avulavirus 5,Avian metaavulavirus 5,Psittaciformes,0,NA,gogoi2017,NA
Avian avulavirus 6,Avian metaavulavirus 6,Anseriformes,0,NA,gogoi2017,NA
Avian avulavirus 7,Avian metaavulavirus 7,Galliformes,0,NA,gogoi2017,NA
Avian avulavirus 8,Avian metaavulavirus 8,Anseriformes,0,NA,gogoi2017,NA
Avian avulavirus 9,Avian orthoavulavirus 9,Orphan,0,NA,capua2004,NA
Avian carcinoma Mill Hill virus 2,NA,NONE,NA,NA,﻿Hu1978,NA
Avian coronavirus,Avian coronavirus,Galliformes,0,NA,cavanagh2007,NA
Avian leukosis virus,NA,Galliformes,0,NA,﻿Gao2010; Knipe2013,NA
Avian metapneumovirus,Avian metapneumovirus,Galliformes,0,NA,njenga2003,NA
Avian myeloblastosis virus,NA,NONE,NA,NA,NA,NA
Avian myelocytomatosis virus 29,NA,NONE,NA,NA,NA,NA
Avian orthoreovirus,NA,Galliformes,0,NA,﻿Jones2000,NA
Avian sapelovirus,NA,NA,NA,NA,NA,NA
Avian sarcoma virus CT10,NA,NONE,NA,NA,Knipe2013,NA
Avihepatovirus A,Avihepatovirus A,Anseriformes,0,NA,pattison2007,NA
Avisivirus A,NA,Orphan,NA,NA,﻿Boros2013,NA
Avisivirus B,Avisivirus B,Galliformes,0,NA,woo2014,NA
Avisivirus C,Avisivirus C,Galliformes,0,NA,woo2014,NA
Avisivirus Pf-CHK1/AsV,NA,Orphan,0,NA,boros2016,NA
Aydin virus,Pestivirus I,Artiodactyl,0,NA,Babayan2018,NA
Baboon orthoreovirus,Baboon orthoreovirus,NonHumanPrimate,0,NA,Coombs2011,NA
Badu phasivirus,NA,Insect,0,mosquito,﻿hobsonpeters2016,﻿hobsonpeters2016
Bagaza virus,Bagaza virus,Galliformes,1,mosquito,llorente2015,Babayan2018
Bakau orthobunyavirus,Bakau orthobunyavirus,NA,1,mosquito,NA,Knipe2013; Shapshak2015
Ball python nidovirus 1,NA,Reptile,NA,NA,﻿Stenglein2014,NA
Balsa almendravirus,NA,Orphan,NA,NA,﻿Contreras2017,﻿Contreras2017
Banna virus,Banna virus,Artiodactyl,1,mosquito,Dash2013; xia2018,Dash2013
Banzi virus,Banzi virus,Orphan,1,mosquito,Shope2003; weissenbock2010,Shope2003; weissenbock2010
Barley yellow striate mosaic cytorhabdovirus,NA,Plant,NA,NA,NA,NA
Barmah Forest virus,Barmah Forest virus,Orphan,1,mosquito,Babayan2018,Babayan2018
Barur ledantevirus,Barur ledantevirus,Orphan,?,unknown,Walker2015,Walker2015
Bas-Congo tibrovirus,Bas-Congo tibrovirus,Orphan,?,unknown,Babayan2018,Babayan2018
Bastrovirus BAS-1,NA,Human,0,NA,Donato2017,NA
Bastrovirus BAS-2,NA,Orphan,0,NA,Babayan2018,NA
Bastrovirus BAS-3,NA,Rodent,0,NA,Babayan2018,NA
Bastrovirus-like_virus/VietNam/Bat/17819_21,NA,Orphan,0,NA,Babayan2018,NA
Bastrovirus/VietNam/Porcine/17489_85,NA,Orphan,0,NA,Babayan2018,NA
Bat coronavirus 1A,NA,Vespbat,0,NA,Babayan2018,NA
Bat coronavirus BM48-31/BGR/2008,NA,Pterobat,0,NA,Babayan2018,NA
Bat coronavirus CDPHE15,Bat coronavirus CDPHE15,Vespbat,0,NA,Babayan2018,NA
Bat coronavirus HKU10,Bat coronavirus HKU10,Pterobat,0,NA,Babayan2018,NA
Bat hepatovirus,NA,Vespbat,0,NA,Babayan2018,NA
Bat Hp-betacoronavirus/Zhejiang2013,NA,Orphan,0,NA,Babayan2018,NA
Bat mumps rubulavirus,NA,Orphan,NA,NA,﻿Drexler2012,NA
Bat picornavirus 1,NA,Vespbat,0,NA,Babayan2018,NA
Bat picornavirus 2,NA,Vespbat,0,NA,Babayan2018,NA
Bat picornavirus 3,NA,Pterobat,0,NA,Babayan2018,NA
Bat sapovirus TLC58/HK,NA,Pterobat,0,NA,Babayan2018,NA
Batama orthobunyavirus,NA,NA,NA,unknown,NA,Knipe2013
Bayou orthohantavirus,Bayou orthohantavirus,Rodent,0,NA,Knipe2013; Shapshak2015,NA
Bean necrotic mosaic virus,NA,Plant,1,thrip,Babayan2018,Babayan2018
Bear Canyon mammarenavirus,Bear Canyon mammarenavirus,Rodent,0,NA,Babayan2018,NA
Bebaru virus,Bebaru virus,Orphan,1,mosquito,Babayan2018,Babayan2018
Beilong virus,NA,Rodent,0,NA,Babayan2018,NA
Beluga whale coronavirus SW1,Beluga whale coronavirus SW1,Orphan,0,NA,Babayan2018,NA
Benevides orthobunyavirus,NA,NA,1,mosquito,NA,Knipe2013
Berrimah ephemerovirus,Berrimah ephemerovirus,Artiodactyl,1,unknown,Babayan2018,Babayan2018
Bertioga orthobunyavirus,NA,NA,NA,unknown,NA,Knipe2013
Betacoronavirus 1,Betacoronavirus 1,Artiodactyl,0,NA,Babayan2018,NA
Betacoronavirus 1,Betacoronavirus 1,Human,0,NA,Knipe2013,NA
Betacoronavirus 1,Betacoronavirus 1,Perissodactyla,0,NA,Babayan2018,NA
Betacoronavirus HKU24,NA,Rodent,0,NA,Babayan2018,NA
Betapapillomavirus 1,Betapapillomavirus 1,Human,0,NA,Knipe2013; Bernard2010,NA
Betapapillomavirus 2,Betapapillomavirus 2,Human,0,NA,Knipe2013; Bernard2010,NA
Betapapillomavirus 3,Betapapillomavirus 3,Human,0,NA,Knipe2013; Bernard2010,NA
Betapapillomavirus 4,Betapapillomavirus 4,Human,0,NA,Knipe2013; Bernard2010,NA
Betapapillomavirus 5,Betapapillomavirus 5,Human,0,NA,Knipe2013; Bernard2010,NA
Bhanja virus,NA,Artiodactyl,1,tick,﻿Hubalek2009,﻿Hubalek2009
Bimiti orthobunyavirus,Bimiti orthobunyavirus,Rodent,1,mosquito,Jonkers1968; Jonkers1968a,Knipe2013; Shapshak2015
Black Creek Canal orthohantavirus,Black Creek Canal orthohantavirus,Rodent,0,NA,Shapshak2015; Knipe2013; glass1998,NA
Blotched snakehead virus,NA,Fish,NA,NA,NA,NA
Bluetongue virus,Bluetongue virus,Artiodactyl,1,midge,Shapshak2015; Knipe2013,Shapshak2015; Knipe2013
Bokeloh bat lyssavirus,Bokeloh bat lyssavirus,Vespbat,0,NA,Babayan2018,NA
Border disease virus,Pestivirus D,Artiodactyl,0,NA,Babayan2018,NA
Bos taurus polyomavirus 1,Bos taurus polyomavirus 1,Artiodactyl,0,NA,calvignacspencer2016; schuurman1991,NA
Botambi orthobunyavirus,NA,NA,1,mosquito,NA,Knipe2013
Bouboui virus,Bouboui virus,Orphan,1,mosquito,Grard2010,Vasilakis2016; weissenbock2010a
Bovine adenovirus E,NA,NA,NA,NA,NA,NA
Bovine alphaherpesvirus 1,Bovine alphaherpesvirus 1,Artiodactyl,0,NA,Raaperi2014,NA
Bovine alphaherpesvirus 2,Bovine alphaherpesvirus 2,Artiodactyl,0,NA,Knipe2013; watanabe2017,NA
Bovine alphaherpesvirus 5,Bovine alphaherpesvirus 5,Artiodactyl,0,NA,Knipe2013; delmedicozajac2010,NA
Bovine astrovirus,NA,NA,NA,NA,NA,NA
Bovine astrovirus B170/HK,NA,Artiodactyl,0,NA,Babayan2018,NA
Bovine astrovirus B18/HK,NA,Artiodactyl,0,NA,Babayan2018,NA
Bovine astrovirus B76/HK,NA,Artiodactyl,0,NA,Babayan2018,NA
Bovine astrovirus CH13,NA,Artiodactyl,0,NA,Babayan2018,NA
Bovine atadenovirus D,Bovine atadenovirus D,Artiodactyl,0,NA,Knipe2013,NA
Bovine fever ephemerovirus,Bovine fever ephemerovirus,Artiodactyl,1,unknown,Babayan2018,Babayan2018
Bovine foamy virus,Bovine foamy virus,Artiodactyl,0,NA,Knipe2013; romen2007,NA
Bovine gammaherpesvirus 4,Bovine gammaherpesvirus 4,Artiodactyl,0,NA,Knipe2013; dewals2006,NA
Bovine hepacivirus,NA,Artiodactyl,0,NA,Babayan2018,NA
Bovine immunodeficiency virus,Bovine immunodeficiency virus,Artiodactyl,0,NA,Knipe2013; gonda1994,NA
Bovine leukemia virus,Bovine leukemia virus,Artiodactyl,0,NA,Ghysdael1984,NA
Bovine mastadenovirus A,Bovine mastadenovirus A,Artiodactyl,0,NA,Knipe2013; ginsberg1984,NA
Bovine mastadenovirus B,Bovine mastadenovirus B,Artiodactyl,0,NA,Knipe2013; ginsberg1984,NA
Bovine mastadenovirus C,Bovine mastadenovirus C,Artiodactyl,0,NA,Knipe2013; ginsberg1984,NA
Bovine nidovirus 1,NA,Orphan,NA,NA,﻿Tokarz2018,NA
Bovine orthopneumovirus,Bovine orthopneumovirus,Artiodactyl,0,NA,Babayan2018,NA
Bovine papular stomatitis virus,Bovine papular stomatitis virus,Artiodactyl,0,NA,Crandell1981; Knipe2013,NA
Bovine respirovirus 3,Bovine respirovirus 3,Artiodactyl,0,NA,Babayan2018,NA
Bovine rhinitis A virus,NA,Artiodactyl,0,NA,﻿Murray2016,NA
Bovine rhinitis B virus,NA,NA,NA,NA,NA,NA
Bovine torovirus,Bovine torovirus,Artiodactyl,0,NA,Babayan2018,NA
Bovine viral diarrhea virus 1,Pestivirus A,Artiodactyl,0,NA,Babayan2018,NA
Bovine viral diarrhea virus 2,Pestivirus B,Artiodactyl,0,NA,Babayan2018,NA
Bovine viral diarrhea virus 3,Pestivirus H,Artiodactyl,0,NA,Babayan2018,NA
Bowe orthohantavirus,NA,Orphan,NA,NA,﻿Gu2013,NA
Brazoran virus,NA,Orphan,1,mosquito,Babayan2018,Babayan2018
Broccoli necrotic yellows cytorhabdovirus,NA,Plant,NA,NA,NA,NA
Bruges orthohantavirus,NA,Eulipotyphla,0,NA,﻿Laenen2018,NA
Bubaline alphaherpesvirus 1,Bubaline alphaherpesvirus 1,Artiodactyl,0,NA,Caruso2016,NA
Bujaru phlebovirus,Bujaru phlebovirus,Orphan,?,unknown,Alkan2013; Ergunay2017,"Elliott2014, Shapshak2015"
Bukalasa bat virus,Bukalasa bat virus,Vespbat,0,NA,Blitvich2017,Blitvich2017
Bulbul coronavirus HKU11,Bulbul coronavirus HKU11,Orphan,0,NA,﻿Woo2009,NA
Bundibugyo ebolavirus,Bundibugyo ebolavirus,Orphan,0,NA,Babayan2018,NA
Bunyamwera orthobunyavirus,Bunyamwera orthobunyavirus,Orphan,1,mosquito,Babayan2018,Babayan2018
Burana orthonairovirus,NA,NA,1,tick,NA,﻿Kuhn2016
Burkina Faso astrovirus,NA,Human,0,NA,Gia2014,NA
Bushbush orthobunyavirus,NA,NA,1,mosquito,NA,Knipe2013
Bwamba orthobunyavirus,Bwamba orthobunyavirus,NA,1,mosquito,NA,Contigiani2017
Cabassou virus,Cabassou virus,Orphan,1,mosquito,Forrester2017,Forrester2017
Cacipacore virus,Cacipacore virus,Orphan,?,unknown,Babayan2018,Babayan2018
Cadicivirus A,NA,Carnivore,0,NA,﻿Woo2012,NA
Calicivirus isolate TCG,NA,Artiodactyl,0,NA,Babayan2018,NA
California encephalitis orthobunyavirus,California encephalitis orthobunyavirus,Rodent,1,mosquito,Babayan2018,Babayan2018
Callitrichine gammaherpesvirus 3,Callitrichine gammaherpesvirus 3,NonHumanPrimate,0,NA,Davison2009; Cho2001,NA
Camelpox virus,Camelpox virus,Artiodactyl,0,NA,Knipe2013,NA
Candiru phlebovirus,Candiru phlebovirus,Orphan,1,unknown,Babayan2018,Babayan2018
Canid alphaherpesvirus 1,Canid alphaherpesvirus 1,Carnivore,0,NA,"krogenaes2012, Gaskell1999",NA
Canine astrovirus,NA,Carnivore,0,NA,Babayan2018,NA
Canine calicivirus,NA,Carnivore,0,NA,Babayan2018,NA
Canine mastadenovirus A,Canine mastadenovirus A,Carnivore,0,NA,NA,NA
Canine morbillivirus,Canine morbillivirus,Carnivore,0,NA,Babayan2018,NA
Canine pneumovirus,NA,Carnivore,0,NA,Babayan2018,NA
Cano Delgadito orthohantavirus,Cano Delgadito orthohantavirus,Rodent,0,NA,Fulhorst2002,NA
Cao Bang orthohantavirus,NA,Eulipotyphla,0,NA,﻿Gu2016,NA
Capim orthobunyavirus,NA,NA,1,mosquito,NA,Knipe2013
Caprine alphaherpesvirus 1,Caprine alphaherpesvirus 1,Artiodactyl,0,NA,Davison2009,NA
Caprine arthritis encephalitis virus,Caprine arthritis encephalitis virus,Artiodactyl,0,NA,Knipe2013,NA
Capsicum chlorosis virus,NA,Plant,1,thrip,Babayan2018,Babayan2018
Carajas vesiculovirus,NA,NA,1,sandfly,NA,﻿TravassosdaRosa1984
Caraparu orthobunyavirus,Caraparu orthobunyavirus,NonHumanPrimate,1,mosquito,Oliveira2016,Knipe2013
Cardamones virus,NA,Rodent,0,NA,Babayan2018,NA
Cardiovirus A,Cardiovirus A,Rodent,0,NA,"Knipe2013, Carocci2012",NA
Cardiovirus B,Cardiovirus B,Rodent,0,NA,Lipton2007,NA
Cardiovirus C,NA,Orphan,NA,NA,NA,NA
Carey Island virus,Carey Island virus,Pterobat,0,NA,Blitvich2017,NA
Carnivore amdoparvovirus 1,Carnivore amdoparvovirus 1,Carnivore,0,NA,Knipe2013,NA
Carnivore bocaparvovirus 1,Carnivore bocaparvovirus 1,Carnivore,0,NA,Carmichael1994,NA
Carnivore protoparvovirus 1,Carnivore protoparvovirus 1,Carnivore,0,NA,Knipe2013,NA
Carp sprivivirus,Carp sprivivirus,Fish,0,NA,Babayan2018,NA
Catarina virus,NA,Rodent,0,NA,Babayan2018,NA
Catu orthobunyavirus,Catu orthobunyavirus,NA,1,mosquito,NA,Shapshak2015
Caviid betaherpesvirus 2,Caviid betaherpesvirus 2,Rodent,0,NA,Hsiung1980,NA
Cedar henipavirus,Cedar henipavirus,Pterobat,0,NA,Babayan2018,NA
Cell fusing agent virus,NA,Insect,0,mosquito,Babayan2018,Babayan2018
Cercopithecine alphaherpesvirus 2,Cercopithecine alphaherpesvirus 2,NonHumanPrimate,0,NA,Davison2009; Borchers1991,NA
Cercopithecine alphaherpesvirus 9,Cercopithecine alphaherpesvirus 9,NonHumanPrimate,0,NA,Knipe2013; Mahalingam2007,NA
Cercopithecine betaherpesvirus 5,Cercopithecine betaherpesvirus 5,NonHumanPrimate,0,NA,Davison2009; Black1963,NA
Cercopithecine gammaherpesvirus 14,Cercopithecine gammaherpesvirus 14,NonHumanPrimate,0,NA,Davison2009,NA
Cervid alphaherpesvirus 1,Cervid alphaherpesvirus 1,Artiodactyl,0,NA,Thiry2011,NA
Cervid alphaherpesvirus 2,Cervid alphaherpesvirus 2,Artiodactyl,0,NA,DasNeves2010,NA
Cetacean morbillivirus,Cetacean morbillivirus,Cetacean,0,NA,Babayan2018,NA
Chaco sripuvirus,NA,Reptile,NA,NA,causey1966,NA
Chagres virus,NA,NA,1,sandfly,NA,whitehouse2015
Chandipura vesiculovirus,Chandipura vesiculovirus,Orphan,1,sandfly,Babayan2018,Babayan2018
Changuinola virus,Changuinola virus,Pilosa,1,sandfly,MohdJaafar2014,MohdJaafar2014
Chaoyang virus,NA,Insect,0,mosquito,Babayan2018,Babayan2018
Chapare mammarenavirus,Chapare mammarenavirus,Rodent,0,NA,Babayan2018,NA
Chenuda virus,NA,NA,1,tick,NA,﻿Labuda2004; ﻿Attoui2015
Chick syncytial virus,NA,NA,NA,NA,NA,NA
Chicken calicivirus,NA,Galliformes,0,NA,wolf2012,NA
Chicken gallivirus 1,NA,Galliformes,0,NA,woo2014,NA
Chicken megrivirus,NA,Galliformes,0,NA,kim2015,NA
Chicken orivirus 1,NA,Orphan,0,NA,boros2014a,NA
Chicken picornavirus 1,NA,Galliformes,0,NA,woo2014,NA
Chicken picornavirus 4,NA,Orphan,0,NA,woo2014,NA
Chicken picornavirus 5,NA,Orphan,0,NA,woo2014,NA
Chicken proventriculitis virus,NA,Orphan,0,NA,kim2015,NA
Chicken sicinivirus JSY,NA,Orphan,0,NA,zhou2015,NA
Chikungunya virus,Chikungunya virus,Human,1,mosquito,Knipe2013,Babayan2018
Chikungunya virus,Chikungunya virus,NonHumanPrimate,1,mosquito,Knipe2013,Babayan2018
Chilibre phlebovirus,NA,NA,1,sandfly,NA,﻿Knipe2013; Elliott2014
Chinook salmon nidovirus 1,NA,Fish,NA,NA,﻿Schutze2016,NA
Chobar Gorge virus,Chobar Gorge virus,Orphan,1,tick,"Attoui2015, Boiro1986",Attoui2015
Choclo orthohantavirus,Choclo orthohantavirus,Rodent,0,NA,Vincent2000,NA
Classical swine fever virus,Pestivirus C,Artiodactyl,0,NA,Babayan2018,NA
Coastal Plains tibrovirus,Coastal Plains tibrovirus,Artiodactyl,1,midge,Babayan2018,Babayan2018
Cocal vesiculovirus,Cocal vesiculovirus,NA,NA,NA,NA,NA
Coffee ringspot dichorhavirus,NA,Plant,NA,NA,NA,NA
Colocasia bobone disease-associated cytorhabdovirus,NA,Plant,NA,NA,NA,NA
Colorado tick fever virus,Colorado tick fever virus,Rodent,1,tick,Emmons1988,Vasilakis2016
Common moorhen coronavirus HKU21,Common moorhen coronavirus HKU21,Orphan,0,NA,woo2012,NA
Coot Bay almendravirus,NA,Insect,0,mosquito,﻿Contreras2017a,﻿Contreras2017a
Coronavirus HKU15,Coronavirus HKU15,Artiodactyl,0,NA,Babayan2018,NA
Corriparta virus,Corriparta virus,NA,1,mosquito,NA,Attoui2015
Cosavirus A,Cosavirus A,Human,NA,NA,﻿Kapoor2008,NA
Cosavirus B,Cosavirus B,Orphan,NA,NA,﻿Kapoor2008,NA
Cosavirus D,Cosavirus D,Orphan,NA,NA,﻿Kapoor2008,NA
Cosavirus E,Cosavirus E,Orphan,NA,NA,﻿Holtz2008,NA
Cosavirus F,Cosavirus F,Orphan,NA,NA,﻿Kapusinszky2012,NA
Cowbone Ridge virus,Cowbone Ridge virus,Rodent,0,NA,Blitvich2017,NA
Cowpox virus,Cowpox virus,Rodent,0,NA,Essbauer2010,NA
Crimean-Congo hemorrhagic fever orthonairovirus,Crimean-Congo hemorrhagic fever orthonairovirus,Orphan,1,tick,Babayan2018,Babayan2018
Culex flavivirus,NA,Insect,0,mosquito,Babayan2018,Babayan2018
Culex tritaeniorhynchus rhabdovirus,NA,Insect,0,mosquito,Babayan2018,Babayan2018
Cumuto goukovirus,NA,Insect,0,mosquito,﻿Auguste2014,﻿Auguste2014
Cupixi mammarenavirus,Cupixi mammarenavirus,Rodent,0,NA,Babayan2018,NA
Curionopolis curiovirus,Curionopolis curiovirus,Orphan,1,midge,Babayan2018,Babayan2018
Cypovirus 1,NA,Insect,0,NA,Knipe2013,NA
Cypovirus 10,NA,Insect,0,NA,Knipe2013,NA
Cypovirus 11,NA,Insect,0,NA,Knipe2013,NA
Cypovirus 12,NA,Insect,0,NA,Knipe2013,NA
Cypovirus 13,NA,Insect,0,NA,Knipe2013,NA
Cypovirus 14,NA,Insect,0,NA,Knipe2013,NA
Cypovirus 15,NA,Insect,0,NA,Knipe2013,NA
Cypovirus 16,NA,Insect,0,NA,Knipe2013,NA
Cypovirus 2,NA,Insect,0,NA,Knipe2013,NA
Cypovirus 3,NA,Insect,0,NA,Knipe2013,NA
Cypovirus 4,NA,Insect,0,NA,Knipe2013,NA
Cypovirus 5,NA,Insect,0,NA,Knipe2013,NA
Cypovirus 6,NA,Insect,0,NA,Knipe2013,NA
Cypovirus 7,NA,Insect,0,NA,Knipe2013,NA
Cypovirus 8,NA,Insect,0,NA,Knipe2013,NA
Cypovirus 9,NA,Insect,0,NA,Knipe2013,NA
Dabieshan orthohantavirus,NA,Rodent,0,NA,﻿Lin2012,NA
Dakar bat virus,Dakar bat virus,Vespbat,0,NA,Blitvich2017,Blitvich2017
Dandenong virus,NA,Rodent,0,NA,Babayan2018,NA
Datura yellow vein nucleorhabdovirus,NA,Plant,NA,NA,NA,NA
DeBrazza’s monkey arterivirus,NA,NA,NA,NA,NA,NA
Deltapapillomavirus 1,Deltapapillomavirus 1,Artiodactyl,0,NA,"Knipe2013, Bernard2010",NA
Deltapapillomavirus 2,Deltapapillomavirus 2,Artiodactyl,0,NA,"Knipe2013, Bernard2010",NA
Deltapapillomavirus 3,Deltapapillomavirus 3,Artiodactyl,0,NA,"Knipe2013, Bernard2010",NA
Deltapapillomavirus 4,Deltapapillomavirus 4,Artiodactyl,0,NA,"Knipe2013, Bernard2010",NA
Dengue virus,Dengue virus,Human,1,mosquito,Calisher2003,Babayan2018
Dengue virus,Dengue virus,NonHumanPrimate,1,mosquito,Knipe2013,Babayan2018
Dera Ghazi Khan orthonairovirus,Dera Ghazi Khan orthonairovirus,Orphan,1,tick,Kuhn2016,Knipe2013
Dhori virus,Dhori thogotovirus,NA,1,tick,NA,Vasilakis2016
Dobrava-Belgrade orthohantavirus,Dobrava-Belgrade orthohantavirus,Rodent,0,NA,Babayan2018,NA
Dolphin rhabdovirus,NA,Cetacean,0,NA,Babayan2018,NA
Donggang virus,NA,Insect,0,mosquito,Babayan2018,Babayan2018
Dromedary astrovirus,NA,Artiodactyl,0,NA,Babayan2018,NA
Drosophila affinis sigmavirus,NA,Insect,0,NA,NA,NA
Drosophila ananassae sigmavirus,NA,Insect,0,NA,NA,NA
Drosophila immigrans sigmavirus,NA,Insect,0,NA,NA,NA
Drosophila melanogaster sigmavirus,Drosophila melanogaster sigmavirus,Insect,0,fruit fly,Babayan2018,Babayan2018
Drosophila obscura sigmavirus,Drosophila obscura sigmavirus,Insect,0,fruit fly,Babayan2018,Babayan2018
Drosophila tristis sigmavirus,NA,Insect,0,NA,NA,NA
Drosophila X virus,NA,Insect,0,NA,NA,NA
Duck megrivirus,NA,Anseriformes,0,NA,liao2014,NA
Duck picornavirus GL/12,Aalivirus A,Orphan,0,NA,wang2014,NA
Dugbe orthonairovirus,Dugbe orthonairovirus,Artiodactyl,1,tick,Babayan2018,Babayan2018
Durham tupavirus,NA,Orphan,NA,NA,﻿Allison2011,NA
Duvenhage lyssavirus,Duvenhage lyssavirus,Vespbat,0,NA,Babayan2018,NA
Eastern equine encephalitis virus,Eastern equine encephalitis virus,Passeriformes,1,mosquito,arrigo2010,Babayan2018
Echinochloa hoja blanca tenuivirus,NA,Plant,NA,NA,NA,NA
Echinochloa ragged stunt virus,NA,Plant,NA,NA,NA,NA
Ectromelia virus,Ectromelia virus,Rodent,0,NA,Esteban2005,NA
Edge Hill virus,Edge Hill virus,Orphan,NA,mosquito,﻿Weissenbock2010,﻿Weissenbock2010
Eggplant mottled dwarf nucleorhabdovirus,Eggplant mottled dwarf nucleorhabdovirus,Plant,1,leafhopper,Babayan2018,Babayan2018
Eilat virus,Eilat virus,Insect,0,mosquito,Babayan2018,Babayan2018
Ekpoma 1 tibrovirus,Ekpoma 1 tibrovirus,Orphan,NA,unknown,﻿Stremlau2015,NA
Ekpoma 2 tibrovirus,Ekpoma 2 tibrovirus,Orphan,NA,unknown,﻿Stremlau2015,NA
El Moro Canyon orthohantavirus,El Moro Canyon orthohantavirus,Rodent,0,NA,Shapshak2015,NA
Elapid 1 bornavirus,NA,Reptile,NA,NA,﻿Kuhn2014,NA
Entebbe bat virus,Entebbe bat virus,Vespbat,?,unknown,Babayan2018,Babayan2018
Enterovirus A,Enterovirus A,Human,0,NA,Knipe2013,NA
Enterovirus A,Enterovirus A,NonHumanPrimate,0,NA,Wachtman2012,NA
Enterovirus B,Enterovirus B,Human,0,NA,Knipe2013,NA
Enterovirus B,Enterovirus B,NonHumanPrimate,0,NA,Wachtman2012,NA
Enterovirus C,Enterovirus C,Human,0,NA,Knipe2013,NA
Enterovirus D,Enterovirus D,Human,0,NA,Knowles2012,NA
Enterovirus E,Enterovirus E,Artiodactyl,0,NA,﻿Zhu2014,NA
Enterovirus F,NA,Artiodactyl,0,NA,﻿Zell2018,NA
Enterovirus G,Enterovirus G,Artiodactyl,0,NA,Knowles2012,NA
Enterovirus H,Enterovirus H,NonHumanPrimate,0,NA,Oberste2007,NA
Enterovirus I,Enterovirus I,Artiodactyl,0,NA,Babayan2018,NA
Enterovirus J,NA,NonHumanPrimate,0,NA,﻿Mombo2017,NA
Epizootic hemorrhagic disease virus,Epizootic hemorrhagic disease virus,Artiodactyl,1,midge,Shapshak2015,Shapshak2015
Epsilonpapillomavirus 1,Epsilonpapillomavirus 1,Artiodactyl,0,NA,"Knipe2013, Bernard2010",NA
Equid alphaherpesvirus 1,Equid alphaherpesvirus 1,Perissodactyla,0,NA,Crabb1995,NA
Equid alphaherpesvirus 3,Equid alphaherpesvirus 3,Perissodactyla,0,NA,Barrandeguy2010,NA
Equid alphaherpesvirus 4,Equid alphaherpesvirus 4,Perissodactyla,0,NA,Crabb1995,NA
Equid alphaherpesvirus 8,Equid alphaherpesvirus 8,Perissodactyla,0,NA,Garvey2018,NA
Equid alphaherpesvirus 9,Equid alphaherpesvirus 9,Perissodactyla,0,NA,Borchers2008,NA
Equid gammaherpesvirus 2,Equid gammaherpesvirus 2,Perissodactyla,0,NA,Fortier2010,NA
Equid gammaherpesvirus 5,Equid gammaherpesvirus 5,Perissodactyla,0,NA,Fortier2010,NA
Equid gammaherpesvirus 7,Equid gammaherpesvirus 7,Perissodactyla,0,NA,Marenzoni2015,NA
Equine arteritis virus,Alphaarterivirus equid,Perissodactyla,0,NA,Knipe2013,NA
Equine encephalosis virus,Equine encephalosis virus,Perissodactyla,1,midge,Oura2012,Oura2012
Equine foamy virus,Equine foamy virus,Perissodactyla,0,NA,Knipe2013,NA
Equine hepacivirus,NA,Perissodactyla,0,NA,Babayan2018,NA
Equine infectious anemia virus,Equine infectious anemia virus,Perissodactyla,1,DIPTERA,Cook2013,Cook2013
Equine mastadenovirus A,Equine mastadenovirus A,Perissodactyla,0,NA,Cavanagh2012,NA
Equine mastadenovirus B,Equine mastadenovirus B,Perissodactyla,0,NA,Cavanagh2012,NA
Equine rhinitis A virus,Equine rhinitis A virus,Perissodactyla,0,NA,Savage2013,NA
Equine torovirus,Equine torovirus,Perissodactyla,0,NA,Cavanagh2005,NA
Erbovirus A,Erbovirus A,Perissodactyla,0,NA,Savage2013,NA
Eriocheir sinensis reovirus,NA,Crustacean,NA,NA,NA,NA
Estero Real orthobunyavirus,NA,NA,NA,tick,NA,Knipe2013
Eubenangee virus,Eubenangee virus,NA,1,midge,NA,Belaganahalli2014
European bat 1 lyssavirus,European bat 1 lyssavirus,Vespbat,0,NA,Babayan2018,NA
European bat 2 lyssavirus,European bat 2 lyssavirus,Vespbat,0,NA,Babayan2018,NA
European brown hare syndrome virus,European brown hare syndrome virus,Lagomorph,0,NA,Babayan2018,NA
Everglades virus,Everglades virus,Rodent,1,mosquito,Contigiani2017a,Contigiani2017a
Eyach virus,Eyach virus,Orphan,1,tick,Pluta2011; Jaafar2015,Vasilakis2016; Nuttal2014
Farmington virus,NA,Orphan,1,unknown,travassosdarosa2002,Babayan2018
Fathead minnow nidovirus 1,NA,Fish,NA,NA,NA,NA
Felid alphaherpesvirus 1,Felid alphaherpesvirus 1,Carnivore,0,NA,Gaskell1999,NA
Feline astrovirus 2,NA,Carnivore,0,NA,Babayan2018,NA
Feline calicivirus,Feline calicivirus,Carnivore,0,NA,Babayan2018,NA
Feline foamy virus,Feline foamy virus,Carnivore,0,NA,Knipe2013,NA
Feline immunodeficiency virus,Feline immunodeficiency virus,Carnivore,0,NA,Knipe2013,NA
Feline leukemia virus,Feline leukemia virus,Carnivore,0,NA,Hardy1976,NA
Feline morbillivirus,Feline morbillivirus,Carnivore,0,NA,Babayan2018,NA
Feline picornavirus,NA,Carnivore,0,NA,Babayan2018,NA
Ferak orthoferavirus,Ferak feravirus,Insect,0,mosquito,Babayan2018,Babayan2018
Ferret kobuvirus,NA,Carnivore,0,NA,Babayan2018,NA
Festuca leaf streak cytorhabdovirus,NA,Plant,NA,NA,NA,NA
Fiji disease virus,NA,Plant,NA,NA,NA,NA
Fikirini ledantevirus,Fikirini ledantevirus,Pterobat,0,NA,Babayan2018,NA
Finkel-Biskis-Jinkins murine sarcoma virus,NA,NONE,NA,NA,NA,NA
Flanders hapavirus,NA,Passeriformes,1,mosquito,﻿Golnar2018,﻿Golnar2018
Flexal mammarenavirus,Flexal mammarenavirus,Rodent,0,NA,Babayan2018,NA
Foot-and-mouth disease virus,Foot-and-mouth disease virus,Artiodactyl,0,NA,Babayan2018,NA
Fort Morgan virus,Fort Morgan virus,Passeriformes,1,cimicid,allison2015,Babayan2018
Free State vervet virus,NA,NA,NA,NA,NA,NA
Frijoles phlebovirus,NA,NA,NA,sandfly,NA,Knipe2013
Fugong orthohantavirus,NA,Orphan,NA,NA,﻿Ge2016,NA
Fujinami sarcoma virus,NA,NONE,NA,NA,Knipe2013,NA
Fukuoka ledantevirus,NA,NA,NA,NA,NA,NA
Fusong orthohantavirus,NA,Rodent,0,NA,﻿Zou2008,NA
Gadgets Gully virus,Gadgets Gully virus,Orphan,1,tick,﻿Major2009,﻿Labuda2004
Gairo mammarenavirus,Gairo mammarenavirus,Rodent,0,NA,Babayan2018,NA
Gallivirus A,NA,Orphan,0,NA,﻿Boros2012,NA
Gallivirus Pf-CHK1/GV,NA,Orphan,0,NA,boros2016,NA
Gamboa orthobunyavirus,NA,Orphan,1,mosquito,﻿Eastwood2016,Knipe2013
Gammapapillomavirus 1,Gammapapillomavirus 1,Human,0,NA,"Knipe2013, Bernard2010",NA
Gammapapillomavirus 2,Gammapapillomavirus 2,Human,0,NA,Knipe2013; Bernard2010,NA
Gammapapillomavirus 3,Gammapapillomavirus 3,Human,0,NA,Knipe2013; Bernard2010,NA
Gammapapillomavirus 4,Gammapapillomavirus 4,Human,0,NA,Knipe2013; Bernard2010,NA
Gammapapillomavirus 5,Gammapapillomavirus 5,Human,0,NA,Knipe2013; Bernard2010,NA
Gan Gan virus,NA,NA,1,mosquito,NA,﻿Russell1991; ﻿Gauci2016
Gardner-Arnstein feline sarcoma virus,NA,NONE,0,NA,Knipe2013,NA
Garlic dwarf virus,NA,Plant,NA,NA,NA,NA
Gbagroube virus,NA,Rodent,0,NA,Babayan2018,NA
Getah virus,Getah virus,Orphan,1,mosquito,Babayan2018,Babayan2018
Ghanaian bat henipavirus,Ghanaian bat henipavirus,Pterobat,0,NA,Babayan2018,NA
Gibbon ape leukemia virus,Gibbon ape leukemia virus,NonHumanPrimate,0,NA,Wachtman2012,NA
Goatpox virus,Goatpox virus,Artiodactyl,0,NA,Shapshak2015,NA
Goose astrovirus,NA,Orphan,0,NA,zhang2017,NA
Goose calicivirus,NA,Orphan,0,NA,liao2014a,NA
Goose paramyxovirus SF02,NA,NA,0,NA,NA,NA
Gorilline gammaherpesvirus 1,Gorilline gammaherpesvirus 1,NonHumanPrimate,0,NA,Wachtman2012,NA
Gouleako goukovirus,Gouleako goukovirus,Insect,0,mosquito,Babayan2018,Babayan2018
Gray Lodge hapavirus,NA,NA,NA,NA,NA,NA
Great Island virus,Great Island virus,Charadriiformes,1,tick,nunn2005,Labuda2004
Ground squirrel hepatitis virus,Ground squirrel hepatitis virus,Rodent,0,NA,Knipe2013,NA
Groundnut bud necrosis orthotospovirus,Groundnut bud necrosis tospovirus,Plant,1,thrip,Babayan2018,Babayan2018
Groundnut ringspot orthotospovirus,NA,Plant,NA,NA,NA,NA
Groundnut yellow spot orthotospovirus,NA,Plant,NA,NA,NA,NA
Guajara orthobunyavirus,NA,NA,NA,NA,NA,NA
Guama orthobunyavirus,Guama orthobunyavirus,NA,1,mosquito,NA,Shapshak2015
Guanarito mammarenavirus,Guanarito mammarenavirus,Rodent,0,NA,Babayan2018,NA
Guaroa orthobunyavirus,Guaroa orthobunyavirus,Orphan,1,mosquito,Aguilar2010,Contigiani2017
Guinea pig adenovirus,NA,NA,NA,NA,NA,NA
Guinea pig type-C oncovirus,Guinea pig type-C oncovirus,NA,NA,NA,NA,NA
Hantaan orthohantavirus,Hantaan orthohantavirus,Rodent,0,NA,Babayan2018,NA
Hardy-Zuckerman feline sarcoma virus,NA,NONE,0,NA,Knipe2013,NA
Hare fibroma virus,Hare fibroma virus,Lagomorph,0,NA,Knipe2013,NA
Harkavirus A,Harkavirus A,Orphan,0,NA,boros2015,NA
Hart Park hapavirus,NA,NA,1,mosquito,NA,﻿Boyd1972
Harvey murine sarcoma virus,NA,NONE,0,NA,Knipe2013,NA
Hazara orthonairovirus,NA,Orphan,1,tick,﻿Shimada2016,Knipe2013
Heartland virus,NA,Orphan,1,tick,Babayan2018,Babayan2018
Hedgehog coronavirus 1,Hedgehog coronavirus 1,Erinaceidae,0,NA,Babayan2018,NA
Hendra henipavirus,Hendra henipavirus,Pterobat,0,NA,Babayan2018,NA
Hepacivirus A,NA,Perissodactyla,0,NA,﻿Smith2016a,NA
Hepacivirus B,NA,Orphan,0,NA,﻿Smith2016a,NA
Hepacivirus C,Hepacivirus C,Human,0,NA,Knipe2013,NA
Hepacivirus D,NA,Orphan,0,NA,﻿Smith2016a,NA
Hepacivirus E,NA,Orphan,0,NA,﻿Smith2016a,NA
Hepacivirus F,NA,Orphan,0,NA,﻿Smith2016a,NA
Hepacivirus G,NA,Orphan,0,NA,﻿Smith2016a,NA
Hepacivirus H,NA,Orphan,0,NA,﻿Smith2016a,NA
Hepacivirus I,NA,Orphan,0,NA,﻿Smith2016a,NA
Hepacivirus J,NA,Orphan,0,NA,﻿Smith2016a,NA
Hepacivirus K,NA,Orphan,NA,NA,﻿Smith2016a,NA
Hepacivirus L,NA,Orphan,NA,NA,﻿Smith2016a,NA
Hepacivirus M,NA,Orphan,NA,NA,﻿Smith2016a,NA
Hepacivirus N,NA,Artiodactyl,0,NA,﻿Smith2016a,NA
Hepatitis B virus,Hepatitis B virus,Human,0,NA,Wachtman2012,NA
Hepatitis B virus,Hepatitis B virus,NonHumanPrimate,0,NA,Wachtman2012,NA
Hepatitis delta virus,Hepatitis delta virus,Human,0,NA,Knipe2013,NA
Hepatitis GB virus B,NA,Orphan,?,NA,hartlage2016,NA
Hepatovirus A,Hepatovirus A,Human,0,NA,Wachtman2012,NA
Hepatovirus A,Hepatovirus A,NonHumanPrimate,0,NA,Wachtman2012,NA
Hepatovirus B,Hepatovirus B,Carnivore,0,NA,Babayan2018,NA
Hepatovirus C,NA,Orphan,0,NA,﻿Drexler2015,NA
Hepatovirus D,NA,Orphan,0,NA,﻿Drexler2015,NA
Hepatovirus E,NA,Orphan,0,NA,﻿Drexler2015,NA
Hepatovirus F,NA,Orphan,0,NA,﻿Drexler2015,NA
Hepatovirus G,NA,Orphan,0,NA,﻿Drexler2015,NA
Hepatovirus H,NA,Orphan,0,NA,﻿Drexler2015,NA
Hepatovirus I,NA,Orphan,0,NA,﻿Drexler2015,NA
Herbert herbevirus,Herbert herbevirus,Insect,0,mosquito,Babayan2018,Babayan2018
Highlands J virus,Highlands J virus,Passeriformes,1,mosquito,allison2015,Babayan2018
Hippotragine gammaherpesvirus 1,Hippotragine gammaherpesvirus 1,Artiodactyl,0,NA,OToole2014,NA
Hirame novirhabdovirus,Hirame novirhabdovirus,Fish,0,NA,Babayan2018,NA
HMO Astrovirus A,NA,Human,0,NA,Donato2017,NA
Hughes orthonairovirus,NA,Charadriiformes,1,tick,Knipe2013,Labuda2004
Human alphaherpesvirus 1,Human alphaherpesvirus 1,Human,0,NA,Knipe2013,NA
Human alphaherpesvirus 2,Human alphaherpesvirus 2,Human,0,NA,Knipe2013,NA
Human alphaherpesvirus 3,Human alphaherpesvirus 3,Human,0,NA,Knipe2013,NA
Human betaherpesvirus 5,Human betaherpesvirus 5,Human,0,NA,Knipe2013; Wachtman2012,NA
Human betaherpesvirus 7,Human betaherpesvirus 7,Human,0,NA,Knipe2013,NA
Human coronavirus 229E,Human coronavirus 229E,Artiodactyl,0,NA,Babayan2018,NA
Human coronavirus 229E,Human coronavirus 229E,Human,0,NA,Knipe2013,NA
Human coronavirus HKU1,Human coronavirus HKU1,Human,0,NA,Knipe2013,NA
Human coronavirus NL63,Human coronavirus NL63,Human,0,NA,Knipe2013,NA
Human gammaherpesvirus 4,Human gammaherpesvirus 4,Human,0,NA,Knipe2013,NA
Human gammaherpesvirus 8,Human gammaherpesvirus 8,Human,0,NA,Knipe2013,NA
Human immunodeficiency virus 1,Human immunodeficiency virus 1,Human,0,NA,Knipe2013,NA
Human immunodeficiency virus 2,Human immunodeficiency virus 2,Human,0,NA,Knipe2013,NA
Human mastadenovirus A,Human mastadenovirus A,Human,0,NA,Wevers2011,NA
Human mastadenovirus B,Human mastadenovirus B,Human,0,NA,Wevers2011,NA
Human mastadenovirus B,Human mastadenovirus B,NonHumanPrimate,0,NA,Wevers2011,NA
Human mastadenovirus C,Human mastadenovirus C,Human,0,NA,Wevers2011,NA
Human mastadenovirus C,Human mastadenovirus C,NonHumanPrimate,0,NA,Wevers2011,NA
Human mastadenovirus D,Human mastadenovirus D,Human,0,NA,Wevers2011,NA
Human mastadenovirus E,Human mastadenovirus E,Human,0,NA,Wevers2011,NA
Human mastadenovirus E,Human mastadenovirus E,NonHumanPrimate,0,NA,Wevers2011,NA
Human mastadenovirus F,Human mastadenovirus F,Human,0,NA,Wevers2011,NA
Human metapneumovirus,Human metapneumovirus,Human,0,NA,Knipe2013,NA
Human orthopneumovirus,Human orthopneumovirus,Human,0,NA,Knipe2013,NA
Human picobirnavirus,Human picobirnavirus,Orphan,0,NA,Ganesh2012,NA
Human polyomavirus 1,Human polyomavirus 1,Human,0,NA,calvignacspencer2016,NA
Human polyomavirus 2,Human polyomavirus 2,Human,0,NA,calvignacspencer2016,NA
Human respirovirus 1,Human respirovirus 1,Human,0,NA,Knipe2013,NA
Human respirovirus 3,Human respirovirus 3,Human,0,NA,Knipe2013,NA
Human rubulavirus 2,Human orthorubulavirus 2,Human,0,NA,Knipe2013,NA
Human rubulavirus 4,Human orthorubulavirus 4,Human,0,NA,Knipe2013,NA
Human torovirus,NA,Human,0,NA,Cavanagh2005,NA
Hunnivirus A,NA,Orphan,NA,NA,﻿Reuter2012,NA
Ia io picornavirus 1,NA,Vespbat,0,NA,Babayan2018,NA
Idnoreovirus 1,NA,Insect,0,NA,Knipe2013,NA
Idnoreovirus 2,NA,Insect,0,NA,Knipe2013,NA
Idnoreovirus 3,NA,Insect,0,NA,Knipe2013,NA
Idnoreovirus 4,NA,Insect,0,NA,Knipe2013,NA
Idnoreovirus 5,NA,Insect,0,NA,Knipe2013,NA
Ieri virus,NA,NA,1,NA,NA,﻿Attoui2015
Ikoma lyssavirus,Ikoma lyssavirus,Orphan,0,NA,Babayan2018,NA
Ilheus virus,Ilheus virus,Orphan,1,mosquito,Shope2003,Babayan2018
Imjin orthohantavirus,NA,Eulipotyphla,0,NA,﻿Gu2011,NA
Impatiens necrotic spot orthotospovirus,Impatiens necrotic spot tospovirus,Plant,1,thrip,Babayan2018,Babayan2018
Indiana vesiculovirus,Indiana vesiculovirus,Artiodactyl,1,sandfly,Babayan2018,Babayan2018
Infectious bursal disease virus,NA,Galliformes,0,NA,﻿Berg2010,NA
Infectious pancreatic necrosis virus,NA,Fish,NA,NA,NA,NA
Infectious salmon anemia virus,NA,Fish,NA,NA,NA,NA
Influenza A virus,Influenza A virus,Anseriformes,0,NA,Webster1992,NA
Influenza A virus,Influenza A virus,Artiodactyl,0,NA,Webster1992,NA
Influenza A virus,Influenza A virus,Carnivore,0,NA,Gibbs2010,NA
Influenza A virus,Influenza A virus,Charadriiformes,0,NA,Webster1992,NA
Influenza A virus,Influenza A virus,Human,0,NA,WorldHealthOrganization2018,NA
Influenza B virus,Influenza B virus,Human,0,NA,Knipe2013; WorldHealthOrganization2018,NA
Influenza C virus,Influenza C virus,Human,0,NA,Matsuzaki2016,NA
Influenza D virus,NA,Artiodactyl,0,NA,﻿Su2017,NA
Iotapapillomavirus 1,Iotapapillomavirus 1,Rodent,0,NA,"Knipe2013, Bernard2010",NA
Ippy mammarenavirus,Ippy mammarenavirus,Rodent,0,NA,Babayan2018,NA
Iranian wheat stripe tenuivirus,NA,Plant,NA,NA,NA,NA
Iriri curiovirus,NA,NA,NA,NA,NA,NA
Iris yellow spot orthotospovirus,NA,Plant,NA,NA,NA,NA
Irkut lyssavirus,Irkut lyssavirus,Vespbat,0,NA,Babayan2018,NA
Isfahan vesiculovirus,Isfahan vesiculovirus,Rodent,1,sandfly,Babayan2018,Babayan2018
Isla Vista virus,NA,Rodent,0,NA,Knipe2013,NA
Israel turkey meningoencephalomyelitis virus,NA,Galliformes,NA,NA,﻿Barnard1980,NA
Issyk-Kul virus,NA,Chiroptera,1,tick,lvov1991,atkinson2018
Itacaiunas curiovirus,NA,NA,NA,NA,NA,NA
Itaporanga virus,NA,NA,NA,NA,NA,NA
J-virus,NA,Rodent,0,NA,Babayan2018,NA
Jaagsiekte sheep retrovirus,Jaagsiekte sheep retrovirus,Artiodactyl,0,NA,Knipe2013,NA
Japanese encephalitis virus,Japanese encephalitis virus,Artiodactyl,1,mosquito,lord2015,Babayan2018
Japanese encephalitis virus,Japanese encephalitis virus,Pelecaniformes,1,mosquito,weaver2004,Babayan2018
Jeju orthohantavirus,NA,Eulipotyphla,0,NA,﻿Arai2012,NA
Jembrana disease virus,NA,Artiodactyl,0,NA,Knipe2013,NA
Johnston Atoll virus,NA,NA,1,tick,NA,﻿Labuda2004
Joinjakaka hapavirus,NA,NA,NA,NA,NA,NA
Jonchet orthojonvirus,Jonchet jonvirus,Insect,0,mosquito,Babayan2018,Babayan2018
Jugra virus,Jugra virus,Orphan,1,mosquito,Calisher2003,Vasilakis2016
Junín mammarenavirus,Argentinian mammarenavirus,Rodent,0,NA,Babayan2018,NA
Jurona vesiculovirus,Jurona vesiculovirus,Orphan,1,mosquito,Babayan2018,Babayan2018
Jutiapa virus,Jutiapa virus,Rodent,0,NA,Babayan2018,NA
Kadam virus,NA,NA,1,tick,﻿Calisher2003,﻿Labuda2004
Kadipiro virus,NA,NA,NA,NA,NA,NA
Kaeng Khoi orthobunyavirus,Kaeng Khoi orthobunyavirus,Orphan,?,unknown,Groseth2014,Groseth2014; Feng2017
Kafue kinda chacma baboon virus,NA,NonHumanPrimate,NA,NA,bailey2016,NA
Kairi orthobunyavirus,Kairi orthobunyavirus,Orphan,1,mosquito,Briese2007,Contigiani2017
Kama virus,NA,Orphan,1,tick,lvov2015,Babayan2018
Kamese hapavirus,NA,Orphan,NA,NA,simotchetgna2017,NA
Kamiti River virus,NA,Insect,0,mosquito,Babayan2018,Babayan2018
Kappapapillomavirus 1,Kappapapillomavirus 1,Lagomorph,0,NA,"Knipe2013, Bernard2010",NA
Kappapapillomavirus 2,Kappapapillomavirus 2,Lagomorph,0,NA,"Knipe2013, Bernard2010",NA
Kasokero orthonairovirus,Kasokero orthonairovirus,Pterobat,?,unknown,Kalunda1986; Walker2015a,Walker2016
Kedougou virus,Kedougou virus,Orphan,1,mosquito,Babayan2018,Babayan2018
Kenkeme orthohantavirus,NA,NA,NA,NA,NA,NA
Kern Canyon ledantevirus,Kern Canyon ledantevirus,Vespbat,?,Unknown,Kuzmin2006; Blasdell2015,Kuzmin2006
Keterah orthonairovirus,NA,NA,NA,tick,NA,varma1976
Keuraliba ledantevirus,Keuraliba ledantevirus,Rodent,?,Unknown,Cropp1985,Cropp1985; Blasdell2015
Khabarovsk orthohantavirus,Khabarovsk orthohantavirus,Rodent,0,NA,Shapshak2015,NA
Khujand lyssavirus,Khujand lyssavirus,Vespbat,0,NA,Babayan2018,NA
Kibale herbevirus,NA,Insect,0,mosquito,NA,marklewitz2013
Kibale red colobus virus 1,NA,NonHumanPrimate,0,NA,bailey2014,NA
Kibale red colobus virus 2,NA,NonHumanPrimate,0,NA,bailey2014,NA
Kibale red-tailed guenon virus 1,NA,NonHumanPrimate,0,NA,bailey2016,NA
Kimberley ephemerovirus,Kimberley ephemerovirus,Artiodactyl,1,unknown,Babayan2018,Babayan2018
Kirsten murine sarcoma virus,NA,NONE,NA,NA,Knipe2013,NA
Klamath tupavirus,NA,NA,NA,NA,NA,NA
Koala retrovirus,NA,Diprotodontia,0,NA,simmons2012,NA
Kokobera virus,Kokobera virus,Diprotodontia,1,mosquito,Babayan2018,Babayan2018
Kolente ledantevirus,Kolente ledantevirus,Orphan,1,tick,Babayan2018,Babayan2018
Koolpinyah ephemerovirus,NA,NA,NA,NA,NA,NA
Koongol orthobunyavirus,Koongol orthobunyavirus,NA,1,mosquito,NA,Shapshak2015
Kotonkan ephemerovirus,Kotonkan ephemerovirus,Orphan,1,midge,Babayan2018,Babayan2018
Koutango virus,Koutango virus,Rodent,1,mosquito,Shope2003,Shope2003
Kumasi ledantevirus,NA,Pterobat,NA,NA,binger2015,NA
Kunsagivirus A,NA,Orphan,NA,NA,boros2014,NA
Kyasanur Forest disease virus,Kyasanur Forest disease virus,NonHumanPrimate,1,tick,Calisher2003,Babayan2018
La Joya hapavirus,NA,NA,NA,NA,NA,NA
Lactate dehydrogenase-elevating virus,Gammaarterivirus lacdeh,Rodent,0,NA,Knipe2013,NA
Lagos bat lyssavirus,Lagos bat lyssavirus,Pterobat,0,NA,Babayan2018,NA
Laguna Negra orthohantavirus,Laguna Negra orthohantavirus,Rodent,0,NA,Shapshak2015,NA
Laibin orthohantavirus,NA,Orphan,NA,NA,xu2015,NA
Lambdapapillomavirus 1,Lambdapapillomavirus 1,Carnivore,0,NA,"Knipe2013, Bernard2010",NA
Lambdapapillomavirus 2,Lambdapapillomavirus 2,Carnivore,0,NA,"Knipe2013, Bernard2010",NA
Landjia hapavirus,NA,NA,NA,NA,NA,NA
Langat virus,Langat virus,Orphan,1,tick,Babayan2018,Babayan2018
Langur virus,Langur virus,NonHumanPrimate,0,NA,Fine1978,NA
Lassa mammarenavirus,Lassa mammarenavirus,Rodent,0,NA,Babayan2018,NA
Latino mammarenavirus,Latino mammarenavirus,Rodent,0,NA,Babayan2018,NA
Le Dantec ledantevirus,NA,Orphan,NA,unknown,Blasdell2015,NA
Lebombo virus,Lebombo virus,Orphan,1,midge,MohdJaafar2014; Brown1991,MohdJaafar2014
Leopards Hill virus,NA,Pterobat,0,NA,Babayan2018,NA
Lesavirus 1,NA,NonHumanPrimate,0,NA,Lim2015,NA
Lesavirus 2,NA,NonHumanPrimate,0,NA,Lim2015,NA
Lettuce big-vein associated varicosavirus,NA,Plant,NA,NA,NA,NA
Lettuce necrotic yellows cytorhabdovirus,Lettuce necrotic yellows cytorhabdovirus,Plant,1,aphid,Babayan2018,Babayan2018
Lettuce yellow mottle cytorhabdovirus,Lettuce yellow mottle cytorhabdovirus,Plant,1,unknown,Babayan2018,Babayan2018
Liao ning virus,NA,Insect,0,mosquito,prow2018,prow2018
Limnipivirus A,NA,Fish,0,NA,mor2016,NA
Limnipivirus B,NA,Fish,0,NA,mor2016,NA
Limnipivirus C,Limnipivirus C,Fish,0,NA,Babayan2018,NA
Lloviu cuevavirus,Lloviu cuevavirus,Vespbat,0,NA,Babayan2018,NA
Loei River mammarenavirus,Loei River mammarenavirus,Rodent,0,NA,Babayan2018,NA
Lone Star virus,NA,Orphan,1,tick,Babayan2018,Babayan2018
Long Island tick rhabdovirus,NA,Orphan,1,tick,Babayan2018,Babayan2018
Longquan orthohantavirus,NA,Orphan,0,NA,guo2013,NA
Louping ill virus,Louping ill virus,Artiodactyl,1,tick,Babayan2018,Babayan2018
Lujo mammarenavirus,Lujo mammarenavirus,Rodent,0,NA,Babayan2018,NA
Lumpy skin disease virus,Lumpy skin disease virus,Artiodactyl,0,NA,Tuppurainen2012,Tuppurainen2012
Luna mammarenavirus,Luna mammarenavirus,Rodent,0,NA,Babayan2018,NA
Lunk mammarenavirus,Lunk mammarenavirus,Rodent,0,NA,Babayan2018,NA
Luxi orthohantavirus,NA,Orphan,0,NA,zhang2011,NA
Lymphocytic choriomeningitis mammarenavirus,Lymphocytic choriomeningitis mammarenavirus,Rodent,0,NA,Babayan2018,NA
Lyssavirus Ozernoe,NA,NA,0,NA,NA,NA
Macaca mulatta polyomavirus 1,Macaca mulatta polyomavirus 1,NonHumanPrimate,0,NA,calvignacspencer2016,NA
Macacine alphaherpesvirus 1,Macacine alphaherpesvirus 1,NonHumanPrimate,0,NA,Wachtman2012,NA
Macacine betaherpesvirus 3,Macacine betaherpesvirus 3,NonHumanPrimate,0,NA,Wachtman2012,NA
Macacine gammaherpesvirus 4,Macacine gammaherpesvirus 4,NonHumanPrimate,0,NA,Wachtman2012,NA
Macacine gammaherpesvirus 5,Macacine gammaherpesvirus 5,NonHumanPrimate,0,NA,Wachtman2012,NA
Macaque simian foamy virus,Rhesus macaque simian foamy virus,NonHumanPrimate,0,NA,Knipe2013,NA
Machupo mammarenavirus,Machupo mammarenavirus,Rodent,0,NA,Babayan2018,NA
Macropodid alphaherpesvirus 1,Macropodid alphaherpesvirus 1,Macropod,0,NA,Stalder2015,NA
Macropodid alphaherpesvirus 2,Macropodid alphaherpesvirus 2,Macropod,0,NA,Stalder2015,NA
Madariaga virus,Madariaga virus,Rodent,1,unknown,arrigo2010; vittor2016,Babayan2018
Madrid orthobunyavirus,Madrid orthobunyavirus,NA,1,mosquito,NA,Contigiani2017
Magpie-robin coronavirus HKU18,NA,Orphan,0,NA,woo2012,NA
Main Drain orthobunyavirus,Main Drain orthobunyavirus,Lagomorph,1,midge,Calisher1986,Contigiani2017
Maize fine streak nucleorhabdovirus,Maize fine streak nucleorhabdovirus,Plant,1,leafhopper,Babayan2018,Babayan2018
Maize Iranian mosaic nucleorhabdovirus,Maize Iranian mosaic nucleorhabdovirus,Plant,1,planthopper,Babayan2018,Babayan2018
Maize mosaic nucleorhabdovirus,Maize mosaic nucleorhabdovirus,Plant,1,planthopper,Babayan2018,Babayan2018
Maize rough dwarf virus,NA,Plant,NA,NA,NA,NA
Maize stripe tenuivirus,NA,Plant,NA,NA,NA,NA
Mal de Rio Cuarto virus,NA,Plant,NA,NA,NA,NA
Malakal virus,NA,Orphan,1,mosquito,Babayan2018,Babayan2018
Malpais Spring vesiculovirus,Malpais Spring vesiculovirus,Orphan,1,mosquito,Babayan2018,Babayan2018
Malsoor virus,NA,Pterobat,?,unknown,Babayan2018,Babayan2018
Mamastrovirus 1,Mamastrovirus 1,Human,0,NA,Knipe2013,NA
Mamastrovirus 10,Mamastrovirus 10,Carnivore,0,NA,Babayan2018,NA
Mamastrovirus 11,NA,Orphan,0,NA,rivera2010,NA
Mamastrovirus 12,NA,Orphan,0,NA,zhu2009,NA
Mamastrovirus 13,Mamastrovirus 13,Artiodactyl,0,NA,Babayan2018,NA
Mamastrovirus 14,NA,Orphan,0,NA,chu2008,NA
Mamastrovirus 15,NA,Orphan,0,NA,zhu2009,NA
Mamastrovirus 16,NA,Orphan,0,NA,chu2008,NA
Mamastrovirus 17,NA,Orphan,0,NA,zhu2009,NA
Mamastrovirus 18,NA,Orphan,0,NA,chu2008,NA
Mamastrovirus 19,NA,Orphan,0,NA,zhu2009,NA
Mamastrovirus 2,Mamastrovirus 2,Carnivore,0,NA,Babayan2018,NA
Mamastrovirus 3,Mamastrovirus 3,Artiodactyl,0,NA,Babayan2018,NA
Mamastrovirus 4,Mamastrovirus 4,Carnivore,0,NA,Babayan2018,NA
Mamastrovirus 5,NA,Carnivore,0,NA,alves2018,NA
Mamastrovirus 6,Mamastrovirus 6,Human,0,NA,Vu2017,NA
Mamastrovirus 7,NA,Orphan,0,NA,rivera2010,NA
Mamastrovirus 8,Mamastrovirus 8,Human,0,NA,Vu2017,NA
Mamastrovirus 9,Mamastrovirus 9,Human,0,NA,Vu2017,NA
Mammalian 1 bornavirus,Mammalian 1 orthobornavirus,Soricomorph,0,NA,Knipe2013,NA
Mammalian 2 bornavirus,Mammalian 2 orthobornavirus,Orphan,NA,unknown,﻿Hoffmann2015,NA
Mammalian orthoreovirus,Mammalian orthoreovirus,MULTIPLE,0,NA,Knipe2013,NA
Mammalian rubulavirus 5,Mammalian orthorubulavirus 5,Carnivore,0,NA,Babayan2018,NA
Manitoba hapavirus,NA,Orphan,NA,unknown,artsob1991,artsob1991
Manzanilla orthobunyavirus,Manzanilla orthobunyavirus,NA,1,mosquito,NA,Knipe2013
Maporal orthohantavirus,NA,Orphan,0,NA,milazzo2010,NA
Maprik virus,NA,Orphan,1,mosquito,Babayan2018,Babayan2018
Mapuera rubulavirus,Mapuera orthorubulavirus,Vespbat,0,NA,Babayan2018,NA
Maraba vesiculovirus,Maraba vesiculovirus,Orphan,1,sandfly,Babayan2018,Babayan2018
Marburg marburgvirus,Marburg marburgvirus,Pterobat,0,NA,Babayan2018,NA
Marco hapavirus,NA,Reptile,NA,NA,causey1966,NA
Mariental mammarenavirus,NA,Orphan,0,NA,witkowski2015,NA
Marituba orthobunyavirus,Marituba orthobunyavirus,Orphan,1,mosquito,Hang2014,Contigiani2017
Mason-Pfizer monkey virus,Mason-Pfizer monkey virus,NonHumanPrimate,0,NA,Fine1978,NA
Mayaro virus,Mayaro virus,Orphan,1,mosquito,Babayan2018,Babayan2018
Meaban virus,NA,Charadriiformes,1,tick,arnal2014,chambers2003
Measles morbillivirus,Measles morbillivirus,Human,0,NA,Knipe2013,NA
Melegrivirus A,NA,Orphan,0,NA,honkavuori2011,NA
Melon yellow spot virus,NA,Plant,1,thrip,Babayan2018,Babayan2018
Menangle rubulavirus,Menangle pararubulavirus,Pterobat,0,NA,Babayan2018,NA
Menekre virus,NA,Rodent,0,NA,Babayan2018,NA
Mercadeo virus,NA,Insect,0,mosquito,Babayan2018,Babayan2018
Merino Walk mammarenavirus,Merino Walk mammarenavirus,Rodent,0,NA,Babayan2018,NA
Mesocricetus auratus polyomavirus 1,Mesocricetus auratus polyomavirus 1,Rodent,0,NA,calvignacspencer2016,NA
Micromonas pusilla reovirus,NA,Protist,NA,NA,NA,NA
Middelburg virus,Middelburg virus,Orphan,1,mosquito,Babayan2018,Babayan2018
Middle East respiratory syndrome-related coronavirus,Middle East respiratory syndrome-related coronavirus,Orphan,0,NA,Babayan2018,NA
Mikumi yellow baboon virus 1,NA,NonHumanPrimate,0,NA,kuhn2016,NA
Minatitlan orthobunyavirus,Minatitlan orthobunyavirus,NA,1,mosquito,NA,Knipe2013
Miniopterus bat coronavirus 1,NA,Vespbat,0,NA,chu2006,NA
Miniopterus bat coronavirus HKU8,Miniopterus bat coronavirus HKU8,Vespbat,0,NA,Babayan2018,NA
Mink calicivirus,NA,Carnivore,0,NA,Babayan2018,NA
Mink coronavirus 1,NA,Carnivore,0,NA,vlasova2011,NA
Mink enteric sapovirus,NA,Orphan,0,NA,guo2001,NA
Mischivirus A,Mischivirus A,Vespbat,0,NA,Babayan2018,NA
Mischivirus B,NA,Orphan,0,NA,kemenesi2015,NA
Mischivirus C,Mischivirus C,Pterobat,0,NA,Babayan2018,NA
Mobala mammarenavirus,Mobala mammarenavirus,Rodent,0,NA,Babayan2018,NA
Modoc virus,Modoc virus,Rodent,0,NA,Babayan2018,NA
Mojiang henipavirus,Mojiang henipavirus,Rodent,0,NA,Babayan2018,NA
Mokola lyssavirus,Mokola lyssavirus,Orphan,0,NA,Babayan2018,NA
Molluscum contagiosum virus,Molluscum contagiosum virus,Human,0,NA,Knipe2013,NA
Moloney murine sarcoma virus,Moloney murine sarcoma virus,Rodent,0,NA,Knipe2013,NA
Monkeypox virus,Monkeypox virus,Rodent,0,NA,Essbauer2010,NA
Montana myotis leukoencephalitis virus,Montana myotis leukoencephalitis virus,Vespbat,0,NA,Babayan2018,NA
Montano orthohantavirus,NA,Rodent,0,NA,saasa2012,NA
Mopeia mammarenavirus,Mopeia mammarenavirus,Rodent,0,NA,Babayan2018,NA
Morogoro mammarenavirus,NA,Rodent,0,NA,Babayan2018,NA
Morreton vesiculovirus,NA,NA,NA,NA,NA,NA
Mosavirus A,NA,Orphan,0,NA,reuter2014,NA
Mosqueiro hapavirus,NA,NA,NA,NA,NA,NA
Mossman virus,NA,Rodent,0,NA,Babayan2018,NA
Mosso das Pedras virus,Mosso das Pedras virus,Orphan,1,mosquito,Forrester2017,Forrester2017
Mossuril hapavirus,NA,NA,1,mosquito,NA,Vasilakis2016
Mount Elgon bat ledantevirus,Mount Elgon bat ledantevirus,Orphan,?,unknown,Blasdell2015,Blasdell2015
Mouse astrovirus M-52/USA/2008,NA,Rodent,0,NA,Babayan2018,NA
Mouse mammary tumor virus,Mouse mammary tumor virus,Rodent,0,NA,Henrard1988,NA
Moussa virus,Moussa virus,Orphan,1,mosquito,Babayan2018,Babayan2018
MPoko orthobunyavirus,NA,Anseriformes,1,mosquito,hubalek2008,hubalek2008
Mucambo virus,Mucambo virus,Rodent,1,mosquito,Contigiani2017a,Contigiani2017a
Mulberry vein banding virus,NA,Plant,1,thrip,Babayan2018,Babayan2018
Muleshoe virus,NA,Orphan,0,NA,milazzo2017,NA
Mumps rubulavirus,Mumps orthorubulavirus,Human,0,NA,Knipe2013,NA
Munia coronavirus HKU13,Munia coronavirus HKU13,Orphan,0,NA,woo2009,NA
Mupapillomavirus 1,Mupapillomavirus 1,Human,0,NA,"Knipe2013, Bernard2010",NA
Mupapillomavirus 2,Mupapillomavirus 2,Human,0,NA,"Knipe2013, Bernard2010",NA
Murid betaherpesvirus 1,Murid betaherpesvirus 1,Rodent,0,NA,Knipe2013,NA
Murid betaherpesvirus 2,Murid betaherpesvirus 2,Rodent,0,NA,Knipe2013,NA
Murid gammaherpesvirus 4,Murid gammaherpesvirus 4,Rodent,0,NA,Knipe2013,NA
Murine astrovirus,NA,Rodent,0,NA,Babayan2018,NA
Murine coronavirus,Murine coronavirus,Rodent,0,NA,Babayan2018,NA
Murine leukemia virus,Murine leukemia virus,Rodent,0,NA,Martin1999,NA
Murine mastadenovirus A,Murine mastadenovirus A,Rodent,0,NA,Knipe2013,NA
Murine mastadenovirus B,Murine mastadenovirus B,Rodent,0,NA,Knipe2013,NA
Murine orthopneumovirus,Murine orthopneumovirus,Rodent,0,NA,Babayan2018,NA
Murine respirovirus,Murine respirovirus,Rodent,0,NA,Babayan2018,NA
Murray Valley encephalitis virus,Murray Valley encephalitis virus,Pelecaniformes,1,mosquito,mackenzie1994,Babayan2018
Murrumbidgee virus,NA,Orphan,1,mosquito,Babayan2018,Babayan2018
Mus musculus polyomavirus 1,Mus musculus polyomavirus 1,Rodent,0,NA,calvignacspencer2016,NA
Mus musculus polyomavirus 2,Mus musculus polyomavirus 2,Rodent,0,NA,calvignacspencer2016,NA
Muscina stabulans sigmavirus,NA,Insect,NA,NA,NA,NA
Mustelid gammaherpesvirus 1,Mustelid gammaherpesvirus 1,Carnivore,0,NA,"Davison2009, Gaskell1999",NA
Mycoreovirus 1,NA,Fungi,NA,NA,NA,NA
Mycoreovirus 2,NA,Fungi,NA,NA,NA,NA
Mycoreovirus 3,NA,Fungi,NA,NA,NA,NA
Myxoma virus,Myxoma virus,Lagomorph,0,NA,Knipe2013,NA
Nairobi sheep disease orthonairovirus,NA,Artiodactyl,1,tick,baron2015,baron2015
Nariva virus,NA,Rodent,0,NA,Babayan2018,NA
Ndumu virus,Ndumu virus,Orphan,1,mosquito,Babayan2018,Babayan2018
Necocli orthohantavirus,NA,Orphan,0,NA,montoyaruiz2015,NA
Nelson Bay orthoreovirus,Nelson Bay orthoreovirus,Pterobat,0,NA,Coombs2011,NA
New Jersey vesiculovirus,New Jersey vesiculovirus,Artiodactyl,1,sandfly,Babayan2018,Babayan2018
Newbury-1 virus,Newbury 1 virus,Artiodactyl,0,NA,Babayan2018,NA
Ngaingan hapavirus,Ngaingan hapavirus,Macropod,1,midge,Babayan2018,Babayan2018
Niakha sripuvirus,Niakha sripuvirus,Orphan,1,sandfly,Babayan2018,Babayan2018
Night heron coronavirus HKU19,Night heron coronavirus HKU19,Orphan,0,NA,woo2012,NA
Nilaparvata lugens reovirus,NA,Insect,1,planthopper,nakashima1995,nakashima1995
Nipah henipavirus,Nipah henipavirus,Pterobat,0,NA,Babayan2018,NA
Nishimuro ledantevirus,NA,Orphan,?,NA,sakai2015,NA
Nkolbisson ledantevirus,NA,NA,NA,NA,NA,NA
Northern cereal mosaic cytorhabdovirus,Northern cereal mosaic cytorhabdovirus,Plant,1,planthopper,Babayan2018,Babayan2018
Norwalk virus,Norwalk virus,Artiodactyl,0,NA,Babayan2018,NA
Norwalk virus,Norwalk virus,Carnivore,0,NA,Babayan2018,NA
Norwalk virus,Norwalk virus,Human,0,NA,Knipe2013,NA
Norwalk virus,Norwalk virus,Rodent,0,NA,Babayan2018,NA
Norway rat hepacivirus 1,NA,Rodent,0,NA,Babayan2018,NA
Norway rat hepacivirus 2,NA,Rodent,0,NA,Babayan2018,NA
Norway rat pegivirus,NA,Rodent,0,NA,Babayan2018,NA
Norway rat pestivirus,NA,Rodent,0,NA,Babayan2018,NA
Nova orthohantavirus,NA,Eulipotyphla,0,NA,﻿Gu2014,NA
Ntaya virus,Ntaya virus,Orphan,1,mosquito,Babayan2018,Babayan2018
Nupapillomavirus 1,Nupapillomavirus 1,Human,0,NA,"Knipe2013, Bernard2010",NA
Nyando orthobunyavirus,Nyando orthobunyavirus,NA,1,mosquito,NA,Shapshak2015
O'nyong-nyong virus,Onyong-nyong virus,Orphan,1,mosquito,Babayan2018,Babayan2018
Oat sterile dwarf virus,NA,Plant,NA,NA,NA,NA
Obodhiang ephemerovirus,Obodhiang ephemerovirus,Orphan,1,mosquito,Babayan2018,Babayan2018
Oita ledantevirus,Oita ledantevirus,Orphan,?,unknown,Iwasaki2004,Iwasaki2004
Okahandja mammarenavirus,NA,Orphan,0,NA,witkowski2015,NA
Olifantsvlei orthobunyavirus,NA,NA,1,mosquito,NA,Knipe2013
Oliveros mammarenavirus,Oliveros mammarenavirus,Rodent,0,NA,Babayan2018,NA
Omikronpapillomavirus 1,Omikronpapillomavirus 1,Cetacean,0,NA,"Knipe2013, Bernard2010",NA
Omsk hemorrhagic fever virus,Omsk hemorrhagic fever virus,Rodent,1,tick,Babayan2018,Babayan2018
Orchid fleck dichorhavirus,NA,Plant,NA,NA,NA,NA
Ord River hapavirus,NA,NA,NA,NA,NA,NA
Orf virus,Orf virus,Artiodactyl,0,NA,Knipe2013,NA
Oriboca orthobunyavirus,Oriboca orthobunyavirus,NA,1,mosquito,NA,Contigiani2017
Oropouche orthobunyavirus,Oropouche orthobunyavirus,Orphan,1,midge,Babayan2018,Babayan2018
Orthohepevirus A,Orthohepevirus A,Artiodactyl,0,NA,Babayan2018,NA
Orthohepevirus A,Orthohepevirus A,Carnivore,0,NA,Babayan2018,NA
Orthohepevirus A,Orthohepevirus A,Human,0,NA,Knipe2013,NA
Orthohepevirus B,Orthohepevirus B,Galliformes,0,NA,purcell2008,NA
Orthohepevirus C,Orthohepevirus C,Rodent,0,NA,Babayan2018,NA
Orthohepevirus D,Orthohepevirus D,Vespbat,0,NA,Babayan2018,NA
Orungo virus,Orungo virus,Orphan,1,midge,Tomori1978,Vasilakis2016
Oscivirus A,Oscivirus A,Passeriformes,0,NA,woo2010,NA
Ovine atadenovirus D,Ovine atadenovirus D,Artiodactyl,0,NA,Knipe2013,NA
Ovine gammaherpesvirus 2,Ovine gammaherpesvirus 2,Artiodactyl,0,NA,Russell2009,NA
Ovine mastadenovirus A,Ovine mastadenovirus A,Artiodactyl,0,NA,Knipe2013,NA
Oxbow orthohantavirus,NA,Orphan,0,NA,kang2009,NA
Palyam virus,Palyam virus,Artiodactyl,NA,NA,Whistler1989,NA
Pangola stunt virus,NA,Plant,NA,NA,NA,NA
Panine betaherpesvirus 2,Panine betaherpesvirus 2,NonHumanPrimate,0,NA,Wachtman2012,NA
Panine gammaherpesvirus 1,Panine gammaherpesvirus 1,NonHumanPrimate,0,NA,Wachtman2012,NA
Papiine alphaherpesvirus 2,Papiine alphaherpesvirus 2,NonHumanPrimate,0,NA,Wachtman2012,NA
Papiine gammaherpesvirus 1,Papiine gammaherpesvirus 1,NonHumanPrimate,0,NA,Wachtman2012,NA
Paraiso Escondido virus,NA,Insect,0,sandfly,Babayan2018,Babayan2018
Paraná mammarenavirus,Paraguayan mammarenavirus,Rodent,0,NA,Babayan2018,NA
Parapoxvirus of red deer in New Zealand,Parapoxvirus of red deer in New Zealand,Artiodactyl,0,NA,Knipe2013,NA
Parechovirus A,Parechovirus A,Human,0,NA,Stanway2000,NA
Parechovirus B,Parechovirus B,Rodent,0,NA,Fevola2017,NA
Parechovirus C,NA,Orphan,0,NA,joffret2013,NA
Parechovirus D,NA,Orphan,0,NA,smits2013,NA
Parramatta River virus,NA,Insect,0,mosquito,Babayan2018,Babayan2018
Parry Creek hapavirus,NA,Orphan,?,NA,liehne1981,liehne1981
Pasivirus A,NA,Artiodactyl,0,NA,sauvage2012,NA
Passeriform 1 bornavirus,NA,Passeriformes,0,NA,rubbenstroth2016,NA
Passeriform 2 bornavirus,NA,Orphan,0,NA,rubbenstroth2014,NA
Passerivirus A,NA,Passeriformes,NA,NA,woo2010,NA
Patois orthobunyavirus,Patois orthobunyavirus,Orphan,1,mosquito,fraenkelconrat1979,Shapshak2015
Pebjah virus,NA,Orphan,0,NA,kuhn2016,NA
Pegivirus A,Pegivirus A,NonHumanPrimate,0,NA,Smith2016a,NA
Pegivirus A,Pegivirus A,Pterobat,0,NA,Smith2016a; Quan2012,NA
Pegivirus B,NA,Orphan,?,NA,epstein2010; quan2013,NA
Pegivirus C,Pegivirus C,Human,0,NA,Stapleton2011,NA
Pegivirus C,Pegivirus C,NonHumanPrimate,0,NA,Smith2016a,NA
Pegivirus D,NA,Orphan,?,NA,postel2016,NA
Pegivirus E,Pegivirus E,Perissodactyla,0,NA,Babayan2018,NA
Pegivirus F,NA,Orphan,?,NA,quan2013,NA
Pegivirus G,NA,Orphan,?,NA,quan2013,NA
Pegivirus H,Pegivirus H,Human,0,NA,Smith2016a,NA
Pegivirus I,NA,Orphan,?,NA,quan2013,NA
Pegivirus J,NA,Orphan,?,NA,kapoor2013,NA
Pegivirus K,NA,Orphan,?,NA,baechlein2016,NA
Perch perhabdovirus,Perch perhabdovirus,Fish,0,NA,Babayan2018,NA
Perinet vesiculovirus,Perinet vesiculovirus,Orphan,1,mosquito,Babayan2018,Babayan2018
Persimmon virus A,NA,Plant,1,unknown,Babayan2018,Babayan2018
Peruvian horse sickness virus,Peruvian horse sickness virus,Artiodactyl,1,mosquito,mendezlopez2015,mendezlopez2015
Pestivirus Giraffe-1,NA,Artiodactyl,0,NA,Babayan2018,NA
Phacovirus Pf-CHK1/PhV,NA,Orphan,0,NA,boros2016,NA
Phasi Charoen-like phasivirus,NA,Insect,1,mosquito,chandler2014,chandler2014
Phnom Penh bat virus,Phnom Penh bat virus,Pterobat,0,NA,Blitvich2017,Blitvich2017
Phocid alphaherpesvirus 1,Phocid alphaherpesvirus 1,Carnivore,0,NA,Gaskell1999,NA
Phocine morbillivirus,Phocine morbillivirus,Carnivore,0,NA,Babayan2018,NA
Pichindé mammarenavirus,Cali mammarenavirus,Rodent,0,NA,Babayan2018,NA
Pike fry sprivivirus,Pike fry sprivivirus,Fish,0,NA,Babayan2018,NA
Pipapillomavirus 1,Pipapillomavirus 1,Rodent,0,NA,"Knipe2013, Bernard2010",NA
Pipistrellus bat coronavirus HKU5,Pipistrellus bat coronavirus HKU5,Vespbat,0,NA,Babayan2018,NA
Pirital mammarenavirus,Pirital mammarenavirus,Rodent,0,NA,Babayan2018,NA
Piry vesiculovirus,Piry vesiculovirus,NA,NA,NA,NA,NA
Piscihepevirus A,Piscihepevirus A,Fish,0,NA,Babayan2018,NA
Piscine novirhabdovirus,Piscine novirhabdovirus,Fish,0,NA,Babayan2018,NA
Piscine orthoreovirus,NA,Fish,NA,NA,NA,NA
Pixuna virus,Pixuna virus,Rodent,1,mosquito,Pisano2010,Pisano2010
Polygonum ringspot orthotospovirus,NA,Plant,NA,NA,NA,NA
Pongine gammaherpesvirus 2,Pongine gammaherpesvirus 2,NonHumanPrimate,0,NA,Wachtman2012,NA
Porcine astrovirus 2,NA,Artiodactyl,0,NA,Babayan2018,NA
Porcine astrovirus 3,NA,Artiodactyl,0,NA,Babayan2018,NA
Porcine astrovirus 4,NA,Artiodactyl,0,NA,Babayan2018,NA
Porcine astrovirus 5,NA,Artiodactyl,0,NA,Babayan2018,NA
Porcine circovirus 1,Porcine circovirus 1,Artiodactyl,0,NA,Allan2000,NA
Porcine circovirus 2,Porcine circovirus 2,Artiodactyl,0,NA,ruizfons2008,NA
Porcine epidemic diarrhea virus,Porcine epidemic diarrhea virus,Artiodactyl,0,NA,Babayan2018,NA
Porcine mastadenovirus A,Porcine mastadenovirus A,Artiodactyl,0,NA,Knipe2013,NA
Porcine mastadenovirus B,Porcine mastadenovirus B,Artiodactyl,0,NA,Knipe2013,NA
Porcine mastadenovirus C,Porcine mastadenovirus C,Artiodactyl,0,NA,Knipe2013,NA
Porcine pestivirus isolate Bungowannah,Pestivirus F,Orphan,0,NA,Babayan2018,NA
Porcine reproductive and respiratory syndrome virus 1,Betaarterivirus suid 1,Artiodactyl,0,NA,Knipe2013,NA
Porcine reproductive and respiratory syndrome virus 2,NA,Artiodactyl,0,NA,Knipe2013,NA
Porcine respirovirus 1,Porcine respirovirus 1,Artiodactyl,0,NA,Babayan2018,NA
Porcine rubulavirus,Porcine orthorubulavirus,Artiodactyl,0,NA,Babayan2018,NA
Porcine torovirus,Porcine torovirus,Artiodactyl,0,NA,Babayan2018,NA
Porcine type-C oncovirus,Porcine type-C oncovirus,Artiodactyl,0,NA,Yudin2011,NA
Possum atadenovirus A,Possum atadenovirus A,Diprotodontia,0,NA,Knipe2013,NA
Potamipivirus A,NA,Fish,NA,NA,NA,NA
Potato yellow dwarf nucleorhabdovirus,Potato yellow dwarf nucleorhabdovirus,Plant,1,leafhopper,Babayan2018,Babayan2018
Powassan virus,Powassan virus,Rodent,1,tick,Babayan2018,Babayan2018
Primate erythroparvovirus 1,Primate erythroparvovirus 1,Human,0,NA,Heegaard2002,NA
Primate erythroparvovirus 2,Primate erythroparvovirus 2,NonHumanPrimate,0,NA,Brown1997a,NA
Primate erythroparvovirus 3,Primate erythroparvovirus 3,NonHumanPrimate,0,NA,Brown1997a,NA
Primate erythroparvovirus 4,Primate erythroparvovirus 4,NonHumanPrimate,0,NA,Brown1997a,NA
Primate T-lymphotropic virus 1,Primate T-lymphotropic virus 1,Human,0,NA,Verdonck2007,NA
Primate T-lymphotropic virus 1,Primate T-lymphotropic virus 1,NonHumanPrimate,0,NA,Verdonck2007,NA
Primate T-lymphotropic virus 2,Primate T-lymphotropic virus 2,Human,0,NA,Verdonck2007,NA
Primate T-lymphotropic virus 2,Primate T-lymphotropic virus 2,NonHumanPrimate,0,NA,Verdonck2007,NA
Primate T-lymphotropic virus 3,Primate T-lymphotropic virus 3,Human,0,NA,Verdonck2007,NA
Primate T-lymphotropic virus 3,Primate T-lymphotropic virus 3,NonHumanPrimate,0,NA,Sintasath2009,NA
Pronghorn antelope pestivirus,Pestivirus E,Artiodactyl,0,NA,Babayan2018,NA
Prospect Hill orthohantavirus,Prospect Hill orthohantavirus,Rodent,0,NA,Shapshak2015,NA
Pseudocowpox virus,Pseudocowpox virus,Artiodactyl,0,NA,Knipe2013,NA
Psittaciform 1 bornavirus,NA,Psittaciformes,0,NA,rubbenstroth2016,NA
Psittaciform 2 bornavirus,NA,Orphan,0,NA,marton2015,NA
Puerto Almendras almendravirus,Puerto Almendras almendravirus,Orphan,1,mosquito,Babayan2018,Babayan2018
Puma lentivirus,Puma lentivirus,Carnivore,0,NA,Knipe2013,NA
Punta Toro phlebovirus,Punta Toro phlebovirus,Orphan,1,sandfly,Alkan2013; Ergunay2017,Contigiani2017
Puumala orthohantavirus,Puumala orthohantavirus,Rodent,0,NA,Babayan2018,NA
Qalyub orthonairovirus,Qalyub orthonairovirus,Rodent,1,tick,Miller1985,Miller1985
Qinghai Himalayan marmot astrovirus 1,NA,Rodent,0,NA,Babayan2018,NA
Qinghai Himalayan marmot astrovirus 2,NA,Rodent,0,NA,Babayan2018,NA
Quang Binh virus,NA,Insect,0,mosquito,Babayan2018,Babayan2018
Quaranfil virus,Quaranfil quaranjavirus,NA,1,tick,Hoogstraal1981,Pisano2010
Quezon orthohantavirus,NA,Orphan,0,NA,arai2016,NA
Rabbit astrovirus TN/2208/2010,NA,Lagomorph,0,NA,Babayan2018,NA
Rabbit coronavirus HKU14,NA,Lagomorph,0,NA,Babayan2018,NA
Rabbit fibroma virus,Rabbit fibroma virus,Lagomorph,0,NA,Knipe2013,NA
Rabbit hemorrhagic disease virus,Rabbit hemorrhagic disease virus,Lagomorph,0,NA,Babayan2018,NA
Rabbit kidney vacuolating virus,NA,NA,NA,NA,NA,NA
Rabbit picobirnavirus,NA,Orphan,0,NA,krishnamurthy2018,NA
Rabbit vesivirus,NA,Lagomorph,0,NA,Babayan2018,NA
Rabies lyssavirus,Rabies lyssavirus,Carnivore,0,NA,Babayan2018,NA
Rabies lyssavirus,Rabies lyssavirus,Vespbat,0,NA,Rupprecht2002,NA
Rabovirus A,NA,Rodent,0,NA,ng2015,NA
Raccoonpox virus,Raccoonpox virus,Carnivore,0,NA,Knipe2013,NA
Radi vesiculovirus,NA,NA,NA,NA,NA,NA
Rat arterivirus 1,NA,Orphan,NA,NA,wu2018,NA
Reptile sunshinevirus 1,Reptile sunshinevirus 1,Reptile,0,NA,Babayan2018,NA
Reptilian ferlavirus,Reptilian ferlavirus,Reptile,0,NA,Babayan2018,NA
Reptilian orthoreovirus,NA,Reptile,NA,NA,NA,NA
Reston ebolavirus,Reston ebolavirus,Orphan,0,NA,Babayan2018,NA
Reticuloendotheliosis virus,NA,Galliformes,0,NA,pattison2007,NA
Rhinolophus bat coronavirus HKU2,Rhinolophus bat coronavirus HKU2,Pterobat,0,NA,Babayan2018,NA
Rhinovirus A,Rhinovirus A,Human,0,NA,Knipe2013,NA
Rhinovirus B,Rhinovirus B,Human,0,NA,Knipe2013,NA
Rhinovirus C,Rhinovirus C,Human,0,NA,Knipe2013,NA
Rice black streaked dwarf virus,NA,Plant,NA,NA,NA,NA
Rice dwarf virus,NA,Plant,NA,NA,NA,NA
Rice gall dwarf virus,NA,Plant,NA,NA,NA,NA
Rice grassy stunt tenuivirus,NA,Plant,NA,NA,NA,NA
Rice hoja blanca tenuivirus,NA,Plant,NA,NA,NA,NA
Rice ragged stunt virus,NA,Plant,NA,NA,NA,NA
Rice stripe tenuivirus,NA,Plant,NA,NA,NA,NA
Rice yellow stunt nucleorhabdovirus,Rice yellow stunt nucleorhabdovirus,Plant,1,leafhopper,Babayan2018,Babayan2018
Rift Valley fever phlebovirus,Rift Valley fever phlebovirus,Artiodactyl,1,mosquito,Babayan2018,Babayan2018
Rinderpest morbillivirus,Rinderpest morbillivirus,Artiodactyl,0,NA,Babayan2018,NA
Rio Bravo virus,Rio Bravo virus,Vespbat,0,NA,Babayan2018,NA
Rio Chico almendravirus,NA,Orphan,?,unknown,contreras2017,NA
Rio Negro virus,Rio Negro virus,Rodent,1,mosquito,Pisano2010,Pisano2010
Rio Segundo virus,NA,Orphan,0,NA,hjelle1995,NA
Rochambeau curiovirus,NA,NA,NA,NA,NA,NA
Rockport orthohantavirus,NA,Orphan,NA,NA,kang2011,NA
Rodent erythroparvovirus 1,Rodent erythroparvovirus 1,Orphan,0,NA,Yoo1999,NA
Rodent hepacivirus,NA,Rodent,0,NA,Babayan2018,NA
Rodent pegivirus,NA,Rodent,0,NA,Babayan2018,NA
Rodent protoparvovirus 1,Rodent protoparvovirus 1,Rodent,0,NA,"Cotmore2014, Becker2007",NA
Rodent protoparvovirus 2,Rodent protoparvovirus 2,Rodent,0,NA,ballgoodrich1998,NA
Rosavirus A,NA,Orphan,NA,NA,lim2014,NA
Ross River virus,Ross River virus,Artiodactyl,1,mosquito,Babayan2018,Babayan2018
Ross River virus,Ross River virus,Diprotodontia,1,mosquito,Babayan2018,Babayan2018
Rotavirus A,Rotavirus A,Artiodactyl,0,NA,Holmes1983; Martella2010,NA
Rotavirus A,Rotavirus A,Galliformes,0,NA,Holmes1983; Dhama2015; Martella2010,NA
Rotavirus A,Rotavirus A,Human,0,NA,Knipe2013,NA
Rotavirus A,Rotavirus A,NonHumanPrimate,0,NA,Knipe2013,NA
Rotavirus B,Rotavirus B,Artiodactyl,0,NA,Holmes1983; Brown1987; vlasova2017,NA
Rotavirus B,Rotavirus B,Human,0,NA,Holmes1983; Sen2001,NA
Rotavirus C,Rotavirus C,Artiodactyl,0,NA,Holmes1983; Tsunemitsu1992; Rahman2005; vlasova2017,NA
Rotavirus C,Rotavirus C,Human,0,NA,Holmes1983; Rahman2005,NA
Rotavirus D,NA,Galliformes,0,NA,pattison2007,NA
Rotavirus E,Rotavirus E,NA,0,NA,Martella2010,NA
Rotavirus F,NA,Galliformes,0,NA,dhama2015,NA
Rotavirus G,NA,Galliformes,0,NA,dhama2015,NA
Rotavirus H,Rotavirus H,Orphan,0,NA,﻿yinda2018; marthaler2014,NA
Rotavirus I,NA,Orphan,0,NA,phan2017,NA
Rous sarcoma virus,NA,NONE,NA,NA,Knipe2013,NA
Rousettus bat coronavirus HKU9,Rousettus bat coronavirus HKU9,Pterobat,0,NA,Babayan2018,NA
Royal Farm virus,Royal Farm virus,Orphan,1,tick,Babayan2018,Babayan2018
Rubella virus,Rubella virus,Human,0,NA,Knipe2013,NA
Sabiá mammarenavirus,Brazilian mammarenavirus,Rodent,0,NA,Babayan2018,NA
Saboya virus,Saboya virus,NA,1,mosquito,NA,Vasilakis2016
Saguinine gammaherpesvirus 1,Saguinine gammaherpesvirus 1,NonHumanPrimate,0,NA,Wachtman2012,NA
Saimiriine alphaherpesvirus 1,Saimiriine alphaherpesvirus 1,NonHumanPrimate,0,NA,Wachtman2012,NA
Saimiriine gammaherpesvirus 2,Saimiriine gammaherpesvirus 2,NonHumanPrimate,0,NA,Wachtman2012,NA
Sakhalin orthonairovirus,NA,Charadriiformes,1,tick,lvov2015,Knipe2013
Sakobuvirus A,Sakobuvirus A,Carnivore,0,NA,Babayan2018,NA
Sal Vieja virus,Sal Vieja virus,Rodent,0,NA,Blitvich2017,Blitvich2017
Salehabad phlebovirus,Salehabad phlebovirus,Orphan,1,sandfly,Ergunay2017,Elliott2014
Salem virus,NA,Perissodactyla,0,NA,Babayan2018,NA
Salivirus A,Salivirus A,Human,0,NA,Knipe2013,NA
Salmon aquaparamyxovirus,Salmon aquaparamyxovirus,Fish,0,NA,Babayan2018,NA
Salmon pancreas disease virus,Salmon pancreas disease virus,Fish,1,louse,Babayan2018,Babayan2018
Salmonid novirhabdovirus,Salmonid novirhabdovirus,Fish,0,NA,Babayan2018,NA
San Miguel sea lion virus 8,NA,Carnivore,0,NA,Babayan2018,NA
San Perlita virus,San Perlita virus,Rodent,0,NA,Blitvich2017,Blitvich2017
Sandfly fever Naples phlebovirus,Sandfly fever Naples phlebovirus,Orphan,1,sandfly,Babayan2018,Babayan2018
Sandfly fever Sicilian virus,NA,Human,1,sandfly,Woyessa2014,Babayan2018
Sangassou orthohantavirus,Sangassou orthohantavirus,Orphan,0,NA,klempa2006,NA
Sapelovirus A,Sapelovirus A,Artiodactyl,0,NA,Son2014,NA
Sapelovirus B,NA,NonHumanPrimate,0,NA,oberste2003,NA
Sapporo virus,Sapporo virus,Artiodactyl,0,NA,Babayan2018,NA
Sapporo virus,Sapporo virus,Human,0,NA,Knipe2013,NA
Saumarez Reef virus,NA,Orphan,1,tick,dobler2010,Labuda2004
Scophthalmus maximus rhabdovirus,NA,Fish,0,NA,Babayan2018,NA
Scotophilus bat coronavirus 512,Scotophilus bat coronavirus 512,Vespbat,0,NA,Babayan2018,NA
Sea trout perhabdovirus,NA,Fish,NA,NA,NA,NA
Seal parapoxvirus,NA,Carnivore,0,NA,Knipe2013,NA
Semliki Forest virus,Semliki Forest virus,Orphan,1,mosquito,schlesinge2012,Babayan2018
Sena Madureira sripuvirus,NA,Reptile,NA,NA,NA,NA
Senecavirus A,NA,Artiodactyl,0,NA,hause2016,NA
Seoul orthohantavirus,Seoul orthohantavirus,Rodent,0,NA,Babayan2018,NA
Sepik virus,Sepik virus,Artiodactyl,1,mosquito,Babayan2018,Babayan2018
Severe acute respiratory syndrome-related coronavirus,Severe acute respiratory syndrome-related coronavirus,Pterobat,0,NA,Babayan2018,NA
SFTS phlebovirus,Huaiyangshan banyangvirus,Orphan,1,tick,Babayan2018,Babayan2018
Shamonda orthobunyavirus,Schmallenberg orthobunyavirus,Artiodactyl,1,midge,Yanase2005,Shapshak2015
Sheeppox virus,Sheeppox virus,Artiodactyl,0,NA,Shapshak2015,NA
Shimoni bat lyssavirus,Shimoni bat lyssavirus,Pterobat,0,NA,Babayan2018,NA
Shuangao insect herbevirus 1,NA,Insect,NA,NA,NA,NA
Shuni orthobunyavirus,Shuni orthobunyavirus,Artiodactyl,1,midge,DeRegge2017,DeRegge2017
Sicinivirus A,Sicinivirus A,Galliformes,0,NA,bullman2014,NA
Simbu orthobunyavirus,Simbu orthobunyavirus,NA,NA,NA,NA,NA
Simian foamy virus,Western chimpanzee simian foamy virus,NonHumanPrimate,0,NA,Wachtman2012,NA
Simian hemorrhagic encephalitis virus,NA,Orphan,0,NA,kuhn2016,NA
Simian hemorrhagic fever virus,Deltaarterivirus hemfev,NonHumanPrimate,0,NA,Wachtman2012,NA
Simian immunodeficiency virus,Simian immunodeficiency virus,NonHumanPrimate,0,NA,Knipe2013,NA
Simian rubulavirus,Simian orthorubulavirus,Orphan,0,NA,Knipe2013,NA
Simian virus 12,NA,NA,NA,NA,NA,NA
Sin Nombre orthohantavirus,Sin Nombre orthohantavirus,Rodent,0,NA,Babayan2018,NA
Sindbis virus,Sindbis virus,Orphan,1,mosquito,Babayan2018,Babayan2018
Siniperca chuatsi rhabdovirus,NA,Fish,0,NA,Babayan2018,NA
Skinner Tank virus,NA,Rodent,0,NA,Babayan2018,NA
Small ruminant morbillivirus,Small ruminant morbillivirus,Artiodactyl,0,NA,Babayan2018,NA
Snakehead novirhabdovirus,Snakehead novirhabdovirus,Fish,0,NA,Babayan2018,NA
Snyder-Theilen feline sarcoma virus,NA,NONE,NA,NA,Knipe2013,NA
Sokoluk virus,NA,Vespbat,?,unknown,Babayan2018,Babayan2018
Solwezi mammarenavirus,NA,NA,NA,NA,NA,NA
Sonchus cytorhabdovirus 1,NA,Plant,NA,NA,NA,NA
Sonchus yellow net nucleorhabdovirus,Sonchus yellow net nucleorhabdovirus,Plant,1,aphid,Babayan2018,Babayan2018
Sosuga rubulavirus,Sosuga pararubulavirus,Pterobat,0,NA,Babayan2018,NA
Southern elephant seal virus,Southern elephant seal virus,Carnivore,1,louse,Babayan2018,Babayan2018
Southern rice black-streaked dwarf virus,NA,Plant,NA,NA,NA,NA
Sowthistle yellow vein nucleorhabdovirus,NA,Plant,NA,NA,NA,NA
Spanish goat encephalitis virus,NA,Orphan,1,tick,Babayan2018,Babayan2018
Sparrow coronavirus HKU17,NA,Orphan,0,NA,woo2012,NA
Spodoptera frugiperda rhabdovirus,NA,Insect,0,lepidoptera,Babayan2018,Babayan2018
Spondweni virus,NA,Orphan,1,mosquito,Babayan2018,Babayan2018
Squirrel fibroma virus,Squirrel fibroma virus,Rodent,0,NA,Knipe2013,NA
Squirrel monkey retrovirus,Squirrel monkey retrovirus,NonHumanPrimate,0,NA,Wachtman2012,NA
Squirrelpox virus,Squirrelpox virus,Rodent,0,NA,Knipe2013,NA
Sripur sripuvirus,NA,Reptile,NA,NA,NA,NA
St Croix River virus,NA,Insect,1,tick,bellsakyi2013,bellsakyi2013
St-Valerien swine virus,NA,Artiodactyl,0,NA,Babayan2018,NA
St. Louis encephalitis virus,Saint Louis encephalitis virus,Passeriformes,1,mosquito,reisen2003,Babayan2018
Steller sea lion vesivirus,NA,Carnivore,0,NA,Babayan2018,NA
Strawberry crinkle cytorhabdovirus,NA,Plant,NA,NA,NA,NA
Sudan ebolavirus,Sudan ebolavirus,Orphan,0,NA,Babayan2018,NA
Suid alphaherpesvirus 1,Suid alphaherpesvirus 1,Artiodactyl,0,NA,Knipe2013,NA
Sunguru virus,NA,Orphan,0,NA,ledermann2014,NA
Sweetwater Branch tibrovirus,NA,NA,NA,NA,NA,NA
Swinepox virus,Swinepox virus,Artiodactyl,0,NA,Knipe2013,NA
Tacaiuma orthobunyavirus,Tacaiuma orthobunyavirus,NA,1,mosquito,NA,Shapshak2015
Tacaribe mammarenavirus,Tacaribe mammarenavirus,Rodent,0,NA,Babayan2018,NA
Tacaribe mammarenavirus,Tacaribe mammarenavirus,Vespbat,0,NA,Babayan2018,NA
Taï Forest ebolavirus,Tai Forest ebolavirus,Orphan,0,NA,Babayan2018,NA
Tai herbevirus,NA,Insect,NA,NA,NA,NA
Tailam virus,NA,Rodent,0,NA,Babayan2018,NA
Tamana bat virus,NA,Vespbat,0,NA,Babayan2018,NA
Tamdy virus,NA,Orphan,1,tick,lvov2015a,lvov2015a
Tamiami mammarenavirus,Tamiami mammarenavirus,Rodent,0,NA,Babayan2018,NA
Tanapox virus,Tanapox virus,NonHumanPrimate,?,unknown,Monroe2014,Downie1973
Taro vein chlorosis nucleorhabdovirus,Taro vein chlorosis nucleorhabdovirus,Plant,1,unknown,Babayan2018,Babayan2018
Tataguine virus,NA,NA,1,mosquito,NA,tchetgna2019
Taterapox virus,Taterapox virus,Rodent,0,NA,Knipe2013,NA
Tellina virus,NA,Bivalve,NA,NA,NA,NA
Tembusu virus,Tembusu virus,Orphan,1,mosquito,Babayan2018,Babayan2018
Teschovirus A,Teschovirus A,Artiodactyl,0,NA,canogomez2016,NA
Tete orthobunyavirus,NA,Passeriformes,1,tick,hubalek2012,hubalek2012
Teviot rubulavirus,NA,Orphan,0,NA,johnson2019,NA
Thailand orthohantavirus,Thailand orthohantavirus,Rodent,0,NA,Shapshak2015,NA
Thiafora orthonairovirus,Thiafora orthonairovirus,NA,?,unknown,NA,Knipe2013
Thimiri orthobunyavirus,NA,NA,?,unknown,NA,Knipe2013
Thogoto virus,Thogoto thogotovirus,Orphan,1,tick,Yoshii2015,Vasilakis2016
Thottapalayam orthohantavirus,Thottopalayam thottimvirus,Soricomorph,0,NA,Babayan2018,NA
Tibrogargan tibrovirus,Tibrogargan tibrovirus,Artiodactyl,1,midge,Babayan2018,Babayan2018
Tick-borne encephalitis virus,Tick-borne encephalitis virus,Rodent,1,tick,Babayan2018,Babayan2018
Timboteua orthobunyavirus,NA,NA,1,mosquito,NA,Knipe2013
Tioman rubulavirus,Tioman pararubulavirus,Pterobat,0,NA,Babayan2018,NA
Tomato chlorotic spot orthotospovirus,NA,Plant,NA,NA,NA,NA
Tomato spotted wilt orthotospovirus,Tomato spotted wilt tospovirus,Plant,1,thrip,Babayan2018,Babayan2018
Tomato zonate spot virus,NA,Plant,1,thrip,Babayan2018,Babayan2018
Tonate virus,Tonate virus,Passeriformes,1,bedbug,Monath1980,Monath1980
Torchivirus A,NA,Reptile,NA,NA,NA,NA
Trager duck spleen necrosis virus,NA,NA,NA,NA,NA,NA
Tree shrew mastadenovirus A,Tree shrew mastadenovirus A,Scandentia,0,NA,Knipe2013,NA
Tremovirus A,Tremovirus A,Galliformes,0,NA,﻿Knipe2013,NA
Trocara virus,NA,Orphan,1,mosquito,calampa2001,calampa2001
Trubanaman virus,NA,NA,1,mosquito,﻿Gauci2016,﻿Gauci2016
Tuhoko rubulavirus 1,Tuhoko pararubulavirus 1,Pterobat,0,NA,Babayan2018,NA
Tuhoko rubulavirus 2,Tuhoko pararubulavirus 2,Pterobat,0,NA,Babayan2018,NA
Tuhoko rubulavirus 3,Tuhoko pararubulavirus 3,Pterobat,0,NA,Babayan2018,NA
Tula orthohantavirus,Tula orthohantavirus,Rodent,0,NA,Babayan2018,NA
Tulane virus,NA,NonHumanPrimate,0,NA,Knipe2013,NA
Tupaia hepatovirus A,NA,Scandentia,0,NA,Babayan2018,NA
Tupaia paramyxovirus,NA,Scandentia,0,NA,Babayan2018,NA
Tupaia tupavirus,Tupaia tupavirus,Scandentia,0,NA,Babayan2018,NA
Tupaiid betaherpesvirus 1,Tupaiid betaherpesvirus 1,Scandentia,0,NA,Darai1984,NA
Turkey calicivirus,NA,Galliformes,0,NA,wolf2012,NA
Turlock orthobunyavirus,Turlock orthobunyavirus,Passeriformes,1,mosquito,Scott1983,Shapshak2015
Tylonycteris bat coronavirus HKU4,Tylonycteris bat coronavirus HKU4,Vespbat,0,NA,Babayan2018,NA
Tyuleniy virus,Tyuleniy virus,Charadriiformes,1,tick,nuttall1984,Babayan2018
Uganda S virus,Uganda S virus,Rodent,1,mosquito,Kemp1974,Vasilakis2016
Umatilla virus,NA,Orphan,1,mosquito,ejiri2014,Attoui2015
Una virus,Una virus,NonHumanPrimate,1,mosquito,Knipe2013,Babayan2018
Ungulate bocaparvovirus 1,Ungulate bocaparvovirus 1,Artiodactyl,0,NA,Sandals1995,NA
Ungulate protoparvovirus 1,Ungulate protoparvovirus 1,Artiodactyl,0,NA,ruizfons2008,NA
Upolu virus,NA,NA,1,tick,NA,Labuda2004
UR2 sarcoma virus,NA,NONE,0,NA,Knipe2013,NA
Urochloa hoja blanca tenuivirus,NA,Plant,NA,NA,NA,NA
Usutu virus,Usutu virus,MULTIPLE,1,mosquito,ashraf2015,Babayan2018
Uukuniemi phlebovirus,Uukuniemi phlebovirus,Orphan,1,tick,Babayan2018,Babayan2018
Vaccinia virus,Vaccinia virus,NONE,0,NA,Schrick2017,NA
Variola virus,Variola virus,Human,0,NA,Knipe2013,NA
Venezuelan equine encephalitis virus,Venezuelan equine encephalitis virus,Perissodactyla,1,mosquito,weaver2004,Babayan2018
Venezuelan equine encephalitis virus,Venezuelan equine encephalitis virus,Rodent,1,mosquito,weaver2004,Babayan2018
Vesicular exanthema of swine virus,Vesicular exanthema of swine virus,Artiodactyl,0,NA,Babayan2018,NA
Vesicular exanthema of swine virus,Vesicular exanthema of swine virus,Carnivore,0,NA,Babayan2018,NA
Vesicular exanthema of swine virus,Vesicular exanthema of swine virus,Reptile,0,NA,Babayan2018,NA
Vesivirus ferret badger/JX12/China/2012,NA,Carnivore,0,NA,Babayan2018,NA
Viper retrovirus,NA,Reptile,NA,NA,NA,NA
Visna/maedi virus,Visna-maedi virus,Artiodactyl,0,NA,Knipe2013,NA
Volepox virus,Volepox virus,Rodent,0,NA,Knipe2013,NA
Wad Medani virus,Wad Medani virus,NA,1,tick,NA,Mertens2015
Wallal virus,Wallal virus,Macropod,1,midge,Belaganahalli2014; Hooper1999,Belaganahalli2014; Hooper1999
Walleye dermal sarcoma virus,NA,Fish,NA,NA,NA,NA
Walleye epidermal hyperplasia virus 1,NA,Fish,NA,NA,NA,NA
Walleye epidermal hyperplasia virus 2,NA,Fish,NA,NA,NA,NA
Warrego virus,Warrego virus,Macropod,1,midge,Belaganahalli2014; Hooper1999,Belaganahalli2014; Hooper1999
Waterbird 1 bornavirus,NA,Anseriformes,NA,NA,rubbenstroth2016,NA
Watermelon bud necrosis orthotospovirus,NA,Plant,NA,NA,NA,NA
Watermelon silver mottle orthotospovirus,Watermelon silver mottle tospovirus,Plant,1,thrip,Babayan2018,Babayan2018
Wenzhou mammarenavirus,Wenzhou mammarenavirus,Rodent,0,NA,Babayan2018,NA
Wesselsbron virus,Wesselsbron virus,Orphan,1,mosquito,Babayan2018,Babayan2018
West Caucasian bat lyssavirus,West Caucasian bat lyssavirus,Vespbat,0,NA,Babayan2018,NA
West Nile virus,West Nile virus,Passeriformes,1,mosquito,Knipe2013,Babayan2018
Western equine encephalitis virus,Western equine encephalitis virus,Passeriformes,1,mosquito,Knipe2013,Knipe2013
Whataroa virus,Whataroa virus,Passeriformes,1,mosquito,miles1971,Babayan2018
Wheat American striate mosaic cytorhabdovirus,NA,Plant,NA,NA,NA,NA
White bream virus,White bream virus,Fish,0,NA,Babayan2018,NA
White-eye coronavirus HKU16,White-eye coronavirus HKU16,Orphan,0,NA,woo2012,NA
Whitewater Arroyo mammarenavirus,Whitewater Arroyo mammarenavirus,Rodent,0,NA,Babayan2018,NA
Wigeon coronavirus HKU20,Wigeon coronavirus HKU20,Orphan,0,NA,woo2012,NA
Witwatersrand virus,NA,Orphan,1,mosquito,braack2018,braack2018
Wobbly possum disease virus,NA,Diprotodontia,NA,NA,NA,NA
Wongabel hapavirus,Wongabel hapavirus,Orphan,1,midge,Babayan2018,Babayan2018
Wongorr virus,Wongorr virus,NA,NA,NA,NA,NA
Woodchuck hepatitis virus,Woodchuck hepatitis virus,Rodent,0,NA,Schaefer2007,NA
Woolly monkey sarcoma virus,Woolly monkey sarcoma virus,NonHumanPrimate,0,NA,Brown2017,NA
Wound tumor virus,NA,Plant,NA,NA,NA,NA
Wuhan fly phasivirus,NA,Insect,NA,NA,NA,NA
Wuhan ledantevirus,NA,Orphan,?,unknown,li2015,li2015
Wutai mosquito phasivirus,NA,Insect,NA,NA,NA,NA
Wyeomyia orthobunyavirus,Wyeomyia orthobunyavirus,Orphan,1,mosquito,Chowdhary2012,Contigiani2017
Xiburema virus,NA,Orphan,1,mosquito,Babayan2018,Babayan2018
Xipapillomavirus 1,Xipapillomavirus 1,Artiodactyl,0,NA,"Knipe2013, Bernard2010",NA
Y73 sarcoma virus,NA,NONE,NA,NA,Knipe2013,NA
Yaba monkey tumor virus,Yaba monkey tumor virus,NonHumanPrimate,0,NA,Wachtman2012,NA
Yakeshi orthohantavirus,NA,Orphan,0,NA,guo2013,NA
Yaounde virus,NA,NA,1,mosquito,NA,smith2017
Yata ephemerovirus,NA,Orphan,?,unknown,blasdell2014,blasdell2014
Yellow fever virus,Yellow fever virus,Human,1,mosquito,Knipe2013,Knipe2013
Yellow fever virus,Yellow fever virus,NonHumanPrimate,1,mosquito,Knipe2013,Knipe2013
Yellowtail ascites virus,NA,Fish,NA,NA,NA,NA
Yichang insect goukovirus,NA,Insect,NA,NA,NA,NA
Yokose virus,Yokose virus,Vespbat,?,unknown,Babayan2018,Babayan2018
Yongjia ledantevirus,NA,Orphan,?,unknown,li2015,li2015
Yug Bogdanovac vesiculovirus,Yug Bogdanovac vesiculovirus,Orphan,1,sandfly,Babayan2018,Babayan2018
Yunnan orbivirus,NA,Orphan,1,mosquito,attoui2009,Attoui2015
Zaire ebolavirus,Zaire ebolavirus,Pterobat,0,NA,Babayan2018,NA
Zegla orthobunyavirus,Zegla orthobunyavirus,Orphan,?,unknown,fraenkelconrat1979,Shapshak2015
Zetapapillomavirus 1,Zetapapillomavirus 1,Perissodactyla,0,NA,"Knipe2013, Bernard2010",NA
Zika virus,Zika virus,Orphan,1,mosquito,Babayan2018,Babayan2018
Zucchini lethal chlorosis orthotospovirus,NA,Plant,NA,NA,NA,NA
